,CULTIVOS DE CEREALES, OLEAGINOSAS Y PASTOS FORRAJEROS,CULTIVO DE HORTALIZAS, LEGUMBRES, FLORES Y PLANTAS ORNAMENTALES,CULTIVO DE FRUTAS,CULTIVOS INDUSTRIALES,PRODUCCION DE SEMILLAS,CRIA DE GANADO, PRODUCCION DE LECHE Y LANA,CRIA DE AVES, OTROS ANIMALES Y PRODUCCION DE HUEVOS,SERVICIOS AGRICOLA GANADEROS,CAZA,SILVICULTURA,PESCA,PETROLEO GAS CARBON URANIO,MINERALES METALIFEROS,OTRAS MINAS Y CANTERAS,MATANZA DE GANADO,PESCADO,INDUSTRIA CONSERVERA,ACEITES Y SUBPRODUCTOS,LACTEOS,MOLIENDA DE TRIGO Y OTROS CEREALES,ALIMENTOS BALANCEADOS,PANADERIAS,AZUCAR,CACAO CHOCOLATE,PASTAS,OTROS PRODUCTOS ALIMENTICIOS,BEBIDAS ALCOHOLICAS,VINO,CERVEZA Y MALTA,GASEOSAS,PRODUCTOS DE TABACO,FIBRAS HILADOS Y TEJIDOS,ACABADO DE PRODUCTOS TEXTILES,FABRICACION DE PRODUCTOS TEXTILES,TEJIDOS,PRENDAS DE VESTIR,CURTIEMBRES,MARROQUINERIA Y TALABARTERIA,CALZADO Y SUS PARTES,ASERRADEROS,PRODUCTOS DE LA MADERA EXCEPTO MUEBLES,CELULOSA Y PAPEL,PAPEL Y CARTON,PRODUCTOS DE PAPEL,EDICIO DE LIBROS FOLLETOS Y OTRAS EDICIONES,EDICION DE PERIODICOS Y REVISTAS,IMPRESIONES Y OTRAS ACTIVIDADES RELACIONADAS,REFINACION DE PETROLEO,QUIMICA BASICA,FERTILIZANTES  Y AGROQUIMICOS,PLASTICOS Y CAUCHO,PINTURAS Y BARNICES,PRODUCTOS MEDICINALES,JABONES DETERGENTES COSMETICOS,OTROS PRODUCTOS QUIMICOS,FIBRAS SINTETICAS MANUFACTURADAS,CAMARAS Y CUBIERTAS,PRODUCTOS DE CAUCHO,MANUFACTURAS DE PLASTICO,VIDRIO Y PRODUCTOS DE VIDRIO,ARTICULOS DE CERAMICA MARMOLES GRANITO ETC.,ARCILLA Y CERAMICA USO ESTRUCTURAL,CEMENTO CAL Y YESO,MOSAICOS,SIDERURGIA,METALURGICA NO FERROSA,FUNDICION DE METALES,ESTRUCTURAS METALICAS TANQUES DEPOSITOS Y GENERADORES DE VAPOR,FORJA LAMINADO Y TRATAMIENTO DE METALES,CUCHILLOS HERRAMIENTAS DE MANO FERRETERIA,OTROS PRODUCTOS METALICOS,MOTORES TURBINAS BOMBAS Y COMPRESORES,ENGRANAJES HORNOS ELEVADORES Y OTRAS MAQUINAS,TRACTORES Y MAQUINARIA AGRICOLA,OTRAS MAQUINARIA DE USO ESPECIAL,APARATOS DE USO DOMESTICO,MAQUINAS DE OFICINA E INFORMATICA,MOTORES Y GENERADORES ELECTRIVCOS,APARATOS DE CONTROL DE ENERGIA ELECTRICA,HILOS CABLES Y AISLADORES,ACUMULADORES Y PILAS,LAMPARAS Y EQUIPOS DE ILUMINACION,TUBOS T TRANSMISORES DE RADIO Y TV,RADIO Y TV,EQUIPOS E INSTRUMENTOS TECNICOS,VEHICULOS AUTOMOTORES,CARROCERIAS,AUTOPARTES,BUQUES Y EMBARCACIONES DE RECREO Y DEPORTE,MOTOCICLETAS BICICLETAS Y OTROS TIPOS DE TRANSPORTE,MUEBLES Y COLCHONES,OTRAS INDUSTRIAS MANUFACTURERAS,ELECTRICIDAD,GAS,AGUA,CONSTRUCCION,COMERCIO MAYORISTA,COMERCIO MINORISTA,HOTELES,RESTAURANTES,PASAJEROS FFCC AUTOMOTOR TAXI REMISE,CARGA CAMION FFCC,DUCTOS,BUQUES PASAJEROS CARGA,AEREO PASAJERO CARGA,ACTIVIDADES COMPLEMENTARIAS  MANIPULACION ALMACENAMIENTO AGENCIA DE VIAJES DESPACHANTES PEAJE PLAYAS TERMINALES,CORREOS,TELECOMUNICACIONES,BANCOS,SEGUROS,PUBLICIDAD, SERVICIOS PROFESIONALES Y A LAS EMPRESAS,ACTIVIDADES INMOBILIARIAS,GOBIERNO,ENSE�ANZA PUBLICA,ENSE�ANZA PRIVADA,SALUD HUMANA PUBLICA,SALUD HUMANA PRIVADA,VETERINARIOS,SERVICIOS SOCIALES,SANEAMIENTO,ACTIVIDAD DE ASOCIACIONES,CINE RADIO TV,ACTIVIDADES DEPORTIVAS, ESPARCIMIENTO Y SERVICIOS PERSONALES,SERVICIO DOMESTICO
1,329.96,2.139,0,112,4.694,365.361,6.523, -   , -   ,135, -   , -   , -   , -   ,109, -   , -   , 1.353.727 , -   ,292.251,15.535,19, -   ,4.059,1.119,142.664,31, -   ,3.517, -   , -   ,2.997, -   ,1,252, -   , -   , -   , -   , -   , -   , -   , -   , -   , -   , -   , -   , -   , -   , -   , -   , -   ,88,8, -   , -   , -   , -   ,975, -   , -   , -   , -   , -   , -   , -   , -   , -   , -   , -   , -   , -   ,3, -   , -   , -   , -   , -   , -   , -   , -   , -   , -   , -   , -   , -   , -   , -   , -   , -   ,29, -   , -   , -   , -   ,97, -   , -   ,19, -   , -   ,30, -   , -   , -   , -   , -   , -   , -   , -   ,9,13,380,126,498,1.3,229,26, -   , -   ,191,22,1.838, -   , 2.531.087 , 1.885.821 , -   , 1.885.821 , 1.873.074 , -   , 1.873.074 
2, -   ,15.13,0,1, -   , -   , -   , -   , -   ,1, -   , -   , -   , -   ,216, -   ,1.462, -   ,0,133, -   ,21, -   ,16,1.309,348,0,109, -   , -   , -   , -   , -   , -   , -   , -   , -   , -   , -   , -   , -   , -   , -   , -   , -   , -   , -   , -   , -   , -   , -   , -   ,2, -   , -   , -   , -   , -   , -   , -   , -   , -   , -   , -   , -   , -   , -   , -   , -   , -   ,18, -   , -   , -   , -   , -   , -   , -   , -   , -   , -   , -   , -   , -   , -   , -   , -   , -   , -   , -   , -   , -   , -   , -   , -   , -   , -   , -   ,401,9.699, -   ,0, -   , -   , -   ,0, -   , -   , -   , -   ,0,0,488,1.679,2.594,1.67,1.1, -   ,46, -   ,2,0,9, -   ,36.453,143.842, -   ,143.842,3.79, -   ,3.79
3, -   , -   , -   , -   , -   , -   , -   , -   , -   , -   , -   , -   , -   , -   ,4, -   ,8, -   ,0, -   , -   ,8, -   ,20, -   ,3,0,137, -   , -   , -   , -   , -   , -   , -   , -   , -   , -   , -   , -   , -   , -   , -   , -   , -   , -   , -   , -   , -   , -   , -   , -   , -   , -   , -   , -   , -   , -   , -   , -   , -   , -   , -   , -   , -   , -   , -   , -   , -   , -   , -   , -   , -   , -   , -   , -   , -   , -   , -   , -   , -   , -   , -   , -   , -   , -   , -   , -   , -   , -   , -   , -   , -   , -   , -   , -   , -   , -   ,5,153, -   , -   , -   , -   , -   , -   , -   , -   , -   , -   , -   , -   ,6,11,18,19,9, -   ,1, -   , -   ,0,0, -   ,400,5.944, -   ,5.944,2, -   ,2
4,12,7,0,0,8,2.151,4, -   , -   ,0, -   , -   , -   , -   ,29,0,3, -   ,0,4,1,3, -   ,7,4,138,8,51,3, -   , -   ,23, -   ,0,2, -   , -   , -   , -   , -   , -   , -   , -   , -   , -   , -   , -   , -   , -   , -   , -   , -   ,1,0, -   , -   , -   , -   ,7, -   , -   , -   , -   , -   , -   , -   , -   , -   , -   , -   , -   , -   ,0, -   , -   , -   , -   , -   , -   , -   , -   , -   , -   , -   , -   , -   , -   , -   , -   , -   ,0, -   , -   , -   , -   ,1, -   , -   ,2,57, -   ,0, -   , -   , -   , -   , -   , -   , -   , -   ,0,0,2,4,9,7,4,0,0, -   ,1,0,7, -   ,2.562,3.33, -   ,3.33,43, -   ,43
5,10.717,83,0,4,178,21.377,246, -   , -   ,5, -   , -   , -   , -   ,5, -   , -   ,30.796, -   ,13.103,611,0, -   ,132,51,3.333,2, -   ,167, -   , -   ,187, -   ,0,16, -   , -   , -   , -   , -   , -   , -   , -   , -   , -   , -   , -   , -   , -   , -   , -   , -   ,6,1, -   , -   , -   , -   ,61, -   , -   , -   , -   , -   , -   , -   , -   , -   , -   , -   , -   , -   ,0, -   , -   , -   , -   , -   , -   , -   , -   , -   , -   , -   , -   , -   , -   , -   , -   , -   ,2, -   , -   , -   , -   ,6, -   , -   ,1, -   , -   ,1, -   , -   , -   , -   , -   , -   , -   , -   ,0,1,17,6,28,59,13,1, -   , -   ,7,1,84, -   ,81.308,52.861, -   ,52.861,61.442, -   ,61.442
6, -   ,884,0,44, -   ,140.519,9.593, -   , -   ,56, -   , -   , -   , -   ,766.143,1, -   , -   ,653.399, -   ,56,2.161, -   ,1.091,1.08,816, -   , -   , -   , -   , -   ,286, -   , -   , -   ,1.449,11.556,208, -   , -   , -   , -   , -   , -   , -   , -   , -   , -   , -   , -   , -   , -   ,0, -   , -   , -   , -   , -   , -   , -   , -   , -   , -   , -   , -   , -   , -   , -   , -   , -   , -   , -   , -   , -   , -   , -   , -   , -   , -   , -   , -   , -   , -   , -   , -   , -   , -   , -   , -   , -   , -   , -   , -   , -   , -   , -   , -   , -   ,83,2.978, -   ,12, -   , -   , -   , -   , -   , -   , -   , -   ,4,5,97,336,642,266,359,24,13, -   ,79,0,474, -   , 1.594.713 ,476.495, -   ,476.495,27.103, -   ,27.103
7, -   , -   , -   , -   , -   ,9.203,4.949, -   , -   , -   ,42, -   , -   , -   ,23.39,0, -   , -   ,44.636, -   ,346,148, -   ,74,69,184, -   , -   , -   , -   , -   ,20, -   , -   , -   ,99,789,14, -   , -   , -   , -   , -   , -   , -   , -   , -   , -   , -   , -   , -   , -   ,0, -   , -   , -   , -   , -   , -   , -   , -   , -   , -   , -   , -   , -   , -   , -   , -   , -   , -   , -   , -   , -   , -   , -   , -   , -   , -   , -   , -   , -   , -   , -   , -   , -   , -   , -   , -   , -   , -   , -   , -   , -   , -   , -   , -   , -   ,3, -   , -   , -   , -   , -   , -   , -   , -   , -   , -   , -   , -   , -   ,1,20,46,0,25,6, -   , -   , -   ,0,2, -   ,84.066,31.167, -   ,31.167,1.76, -   ,1.76
8,576.245,115, -   ,145,8.377,10.442, -   ,68, -   ,2.796,2, -   , -   , -   , -   , -   , -   , -   , -   , -   , -   , -   , -   , -   , -   , -   , -   , -   , -   , -   , -   , -   , -   , -   , -   , -   , -   , -   , -   , -   , -   , -   , -   , -   , -   , -   , -   , -   , -   , -   , -   , -   , -   , -   , -   , -   , -   , -   , -   , -   , -   , -   , -   , -   , -   , -   , -   , -   , -   , -   , -   , -   , -   , -   , -   , -   , -   , -   , -   , -   , -   , -   , -   , -   , -   , -   , -   , -   , -   , -   , -   , -   , -   , -   , -   , -   , -   , -   , -   , -   , -   , -   , -   , -   , -   , -   , -   , -   , -   , -   , -   , -   , -   , -   , -   , -   , -   , -   , -   , -   , -   , -   , -   , -   ,598.189, -   , -   , -   , -   , -   , -   
9, -   , -   , -   , -   , -   ,6,0, -   , -   , -   , -   , -   , -   , -   ,11,0, -   , -   ,1.066, -   , -   ,4, -   ,2,2,1, -   , -   , -   , -   , -   ,0, -   , -   , -   ,2,19,0, -   , -   , -   , -   , -   , -   , -   , -   , -   , -   , -   , -   , -   , -   , -   , -   , -   , -   , -   , -   , -   , -   , -   , -   , -   , -   , -   , -   , -   , -   , -   , -   , -   , -   , -   , -   , -   , -   , -   , -   , -   , -   , -   , -   , -   , -   , -   , -   , -   , -   , -   , -   , -   , -   , -   , -   , -   , -   , -   , -   ,0, -   , -   , -   , -   , -   , -   , -   , -   , -   , -   , -   , -   , -   ,0,0,1,0,0,0, -   , -   , -   ,0,0, -   ,1.114,401, -   ,401,41, -   ,41
10,2.782,35,0,1,40,64,1,0, -   ,14,0, -   , -   , -   , -   ,0, -   , -   , -   , -   , -   , -   , -   , -   , -   , -   , -   , -   , -   , -   , -   , -   , -   , -   , -   , -   , -   , -   , -   ,819,5.077, -   , -   , -   , -   , -   , -   , -   , -   , -   , -   , -   , -   , -   , -   , -   , -   , -   , -   , -   , -   ,2, -   , -   , -   , -   , -   , -   , -   , -   , -   , -   , -   , -   , -   , -   , -   , -   , -   , -   , -   , -   , -   , -   , -   , -   , -   , -   , -   , -   ,14,13, -   , -   , -   ,18, -   , -   ,5, -   , -   ,0, -   , -   , -   , -   , -   , -   , -   , -   ,0,0,12,0,0,14, -   , -   ,0, -   ,1,0,17, -   ,8.931,566, -   ,566,1.407, -   ,1.407
11, -   , -   , -   , -   , -   , -   , -   , -   , -   , -   ,1, -   , -   , -   , -   ,7, -   , -   , -   , -   , -   , -   , -   , -   , -   ,0, -   , -   , -   , -   , -   , -   , -   , -   , -   , -   , -   , -   , -   , -   , -   , -   , -   , -   , -   , -   , -   , -   , -   , -   , -   , -   , -   , -   , -   , -   , -   , -   , -   , -   , -   , -   , -   , -   , -   , -   , -   , -   , -   , -   , -   , -   , -   , -   , -   , -   , -   , -   , -   , -   , -   , -   , -   , -   , -   , -   , -   , -   , -   , -   , -   , -   , -   , -   , -   , -   , -   , -   ,0, -   , -   , -   , -   , -   , -   , -   , -   , -   , -   , -   , -   , -   , -   , -   ,2, -   , -   , -   , -   , -   , -   , -   , -   , -   ,10,1.209, -   ,1.209, -   , -   , -   
12, -   , -   , -   , -   , -   , -   , -   , -   , -   , -   , -   , -   , -   , -   , -   , -   , -   , -   , -   , -   , -   , -   , -   , -   , -   , -   , -   , -   , -   , -   , -   , -   , -   , -   , -   , -   , -   , -   , -   , -   , -   , -   , -   , -   , -   , -   , -   , -   , -   , -   , -   , -   , -   , -   , -   , -   , -   , -   , -   , -   , -   , -   , -   , -   , -   , -   , -   , -   , -   , -   , -   , -   , -   , -   , -   , -   , -   , -   , -   , -   , -   , -   , -   , -   , -   , -   , -   , -   , -   , -   , -   , -   , -   , -   , -   , -   , -   , -   , -   , -   , -   , -   , -   , -   , -   , -   , -   , -   , -   , -   , -   , -   , -   , -   , -   , -   , -   , -   , -   , -   , -   , -   , -   , -   , -   , -   , -   , -   , -   , -   , -   
13, -   , -   , -   , -   , -   , -   , -   , -   , -   , -   , -   , -   , -   , -   , -   , -   , -   , -   , -   , -   , -   , -   , -   , -   , -   , -   , -   , -   , -   , -   , -   , -   , -   , -   , -   , -   , -   , -   , -   , -   , -   , -   , -   , -   , -   , -   , -   , -   , -   , -   , -   , -   , -   , -   , -   , -   , -   , -   , -   , -   , -   , -   , -   , -   , -   , -   , -   , -   , -   , -   , -   , -   , -   , -   , -   , -   , -   , -   , -   , -   , -   , -   , -   , -   , -   , -   , -   , -   , -   , -   , -   , -   , -   , -   , -   , -   , -   , -   , -   , -   , -   , -   , -   , -   , -   , -   , -   , -   , -   , -   , -   , -   , -   , -   , -   , -   , -   , -   , -   , -   , -   , -   , -   , -   , -   , -   , -   , -   , -   , -   , -   
14, -   , -   , -   , -   , -   , -   ,1.063, -   , -   , -   , -   , -   , -   ,3.766,0,0, -   ,13,2,48,0,8, -   ,1,0,10, -   , -   ,5, -   , -   , -   ,10,28, -   ,0,1, -   , -   , -   ,8,138, -   , -   , -   , -   , -   , -   ,8.103,41, -   , -   ,0,22,51, -   , -   ,105,236,1.552,17.759,1.113,42.442,3.082,350, -   ,874,0, -   , -   ,210,13,118, -   , -   ,0, -   ,5,2, -   ,0, -   , -   , -   ,6, -   , -   , -   , -   , -   , -   ,4, -   , -   , -   ,91.807, -   , -   , -   , -   , -   ,417, -   , -   , -   ,1, -   , -   , -   , -   , -   ,5,9,3,220,1,139, -   , -   , -   ,0,0,2, -   ,173.795,82.779, -   ,82.779,2.181, -   ,2.181
15,122,8,0,0,2,461,120,5,0,0,0, -   , -   ,2,71.427,2,15,1.885,67.98,159,2.431,1.461,0,1.417,3.213,593,9,3,2,495,0,32,0,6,8,182,1.188,42,95,1,8,6,9,44,3,387,17,7,360,2, -   ,0,9,26,453, -   ,1,4,112,8,2,3,565,47,161,13,51,71,8,7,64,128,160,91,171,90,1,8,4,0,18,1,0,0,5,2.548,13,148,2,3,20,10,8, -   ,2,183,23,35,1.518,128.275,7,7,2, -   ,4,4,0,16,6,7,47,2,3.613,4.652,8.03,11.45,4.5,2,546,1,19,0,9, -   ,322.208,199.873,305,200.178,93.985, -   ,93.985
16, -   , -   , -   , -   , -   , -   ,3, -   , -   , -   , -   , -   , -   , -   , -   ,0, -   , -   , -   , -   ,20, -   , -   , -   , -   ,3, -   , -   , -   , -   , -   , -   , -   , -   , -   , -   , -   , -   , -   , -   , -   , -   , -   , -   , -   , -   , -   , -   , -   , -   , -   , -   , -   , -   , -   , -   , -   , -   , -   , -   , -   , -   , -   , -   , -   , -   , -   , -   , -   , -   , -   , -   , -   , -   , -   , -   , -   , -   , -   , -   , -   , -   , -   , -   , -   , -   , -   , -   , -   , -   , -   , -   , -   , -   , -   , -   , -   , -   ,10,73, -   , -   , -   , -   , -   , -   , -   , -   , -   , -   , -   , -   ,0,30,58,0,30, -   ,0, -   , -   , -   ,0, -   ,228,303, -   ,303, -   , -   , -   
17,36,2,0,0,1,28,7,1,0,0,0, -   , -   ,1,64,0,342,254,365,59,3,121,0,504,6,88,1,6,1,549,0,0,0,0,0,1,0,1,11,0,2,1,2,8,0,42,3,1,47,0, -   ,0,1,1,4, -   ,0,1,14,1,1,1,90,1,23,2,4,5,2,2,4,5,15,6,4,2,0,1,0,0,3,0,0,0,0,423,2,23,0,1,5,1,2, -   ,0,48,5,8,80,902,0,1,0, -   ,1,0,0,4,0,0,3,0,20,8,17,64,20,0,6,0,1,0,1, -   ,4.399,45.141, -   ,45.141,24.244, -   ,24.244
18,2.697,170,1,3,49,2.185,3.118,83,0,3,2, -   , -   ,49,25.224,5,224,11.317,5.539,2.662,5.188,59.541,0,15.794,4.54,1.689,82,39,46,2.217,0,12,2,10,5,43,85,84,518,13,171,104,119,154,9,676,267,40,1.107,18, -   ,9,104,1.024,30.523, -   ,19,54,520,92,42,55,1.696,82,884,163,306,373,179,156,352,372,488,472,301,150,1,79,20,0,219,11,9,1,36,7.129,153,661,36,56,411,140,138, -   ,26,3.932,440,643,451,5.956,41,97,30, -   ,46,13,0,319,30,15,233,32,83,271,646,104,580,4,49,28,73,4,69, -   ,207.64,238.169, -   ,238.169, 3.187.355 , -   , 3.187.355 
19,292,17,0,0,6,210,56,10,0,1,0, -   , -   ,41,529,2,29,9.316,18.521,843,97,4.687,3,36.728,2.7,1.224,43,27,12,9.221,1,17,3,39,50,241,126,122,549,3,26,20,51,230,17,2.253,65,34,1.751,12, -   ,2,69,67,25, -   ,5,27,700,42,8,16,3.04,255,842,15,295,410,16,34,375,802,946,507,1.111,579,4,51,21,0,86,8,6,1,32,13.617,64,773,8,12,77,37,44,7,27,399,454,813,2.846,14.156,95,222,65, -   ,9,230,6,166,455,375,465,176,625,6.4,15.312,3.74,8.157,0,311,45,47,124,42, -   ,171.03,768.76,2.037,770.797,204.062, -   ,204.062
20,125,8,0,0,2,1.115,1.149,8,0,0,9, -   , -   ,4,1.049,1,11.097,2.492,1.198,8.644,749,66.32,0,19.508,11.163,746,260,33,409,26.982,0,8,1,23,28,108,58,56,133,2,23,556,443,12,8,464,39,4,8.462,5, -   ,1,41,52,16, -   ,4,11,163,17,3,6,245,135,185,23,130,184,8,7,166,361,271,230,497,265,2,18,9,0,35,4,0,0,12,643,26,117,2,6,31,24,11, -   ,6,201,46,72,354,5.028,17,13,4, -   ,8,8,0,19,15,17,121,3,497,137,238,1.223,122,1,33,1,49,0,12, -   ,175.715,437.177,941,438.118,49.147, -   ,49.147
21,6,0,0,0,0,14.315,13.844,0,0,0,124, -   , -   ,0,12,0,41,19,73,49,1.031,262,0,89,43,392,1,1,2,399,0,0,0,0,0,0,0,0,0,0,0,2,2,0,0,0,0,0,30,0, -   ,0,0,0,5, -   ,0,0,1,0,0,0,1,1,1,1,0,1,0,0,1,1,0,1,0,0,0,0,0,0,0,0,0,0,0,3,0,1,0,0,1,0,0, -   ,0,6,1,2,11,50,0,0,0, -   ,0,0,0,1,0,1,3,0,3,14,53,15,26,14,1,0,2,0,4, -   ,30.965,27.193, -   ,27.193,471, -   ,471
22,2.069,117,1,2,45,1.375,214,80,0,3,1, -   , -   ,24,2.664,0,116,6.418,3.949,1.381,105,1.731,0,2.845,172,776,43,20,24,1.403,0,6,1,5,3,23,11,44,227,7,90,53,65,103,5,495,140,23,661,9, -   ,4,38,54,151, -   ,9,23,301,47,22,29,1.175,43,512,85,160,196,94,82,185,195,293,250,159,78,0,41,10,0,115,6,5,0,19,5.119,80,405,19,29,214,63,73,0,12,2.065,234,346,1.694,33.762,21,53,16, -   ,24,8,0,168,17,8,122,18,175,4.091,7.353,91,3.453,2,76,15,38,2,38, -   ,91.838,159.011, -   ,159.011,50.318, -   ,50.318
23, -   , -   , -   , -   , -   , -   , -   , -   , -   , -   , -   , -   , -   , -   ,4, -   , -   ,360,800,17,2,132, -   ,444,0, -   , -   , -   , -   ,183, -   , -   , -   , -   , -   , -   , -   , -   ,21, -   , -   , -   ,2,18, -   ,106,0,3,108, -   , -   , -   , -   , -   , -   , -   , -   , -   ,22, -   , -   , -   ,216, -   ,37, -   , -   , -   , -   , -   , -   , -   ,28,1,1, -   , -   , -   , -   , -   , -   , -   , -   , -   , -   ,1.045, -   ,45, -   , -   , -   , -   , -   , -   , -   , -   , -   , -   , -   , -   , -   , -   , -   , -   , -   ,0, -   , -   , -   , -   , -   , -   , -   , -   , -   , -   , -   , -   , -   , -   , -   , -   , -   , -   ,3.596, -   , -   , -   , -   , -   , -   
24,112,5,0,0,3,39,2,6,0,0, -   , -   , -   , -   ,64,0,58,5.189,11.551,252,28,2.994, -   ,20.911,5,1.134, -   ,1, -   ,2.636, -   , -   , -   , -   , -   , -   , -   , -   ,298, -   , -   , -   ,24,256, -   ,1.534,0,36,1.564, -   , -   , -   ,0, -   , -   , -   , -   , -   ,324, -   , -   , -   ,3.114, -   ,530, -   , -   , -   , -   , -   , -   , -   ,410,18,10, -   , -   , -   , -   , -   , -   , -   , -   , -   , -   ,15.076, -   ,655, -   , -   , -   , -   , -   , -   , -   , -   , -   , -   ,1.207,4.159, -   , -   , -   , -   , -   ,4, -   , -   , -   , -   , -   , -   ,12,355,633,3,289, -   ,17, -   , -   ,0,0, -   ,75.521,218.535, -   ,218.535,158.259, -   ,158.259
25,0,0,0,0,0,0,0,0,0,0, -   , -   , -   , -   ,0,0,7, -   ,1,6,0,43, -   ,12,7,45,0,0,0,17, -   , -   , -   ,0,0, -   , -   , -   , -   ,0,0,0,0, -   , -   , -   , -   , -   ,5, -   , -   , -   ,0,0, -   , -   , -   , -   , -   , -   , -   , -   , -   , -   , -   , -   , -   , -   , -   , -   , -   , -   , -   , -   , -   , -   , -   , -   , -   , -   , -   , -   , -   , -   , -   , -   , -   , -   , -   , -   ,0, -   , -   , -   , -   , -   , -   , -   ,351,7.204, -   , -   , -   , -   , -   , -   , -   , -   , -   , -   , -   , -   ,0,119,203,1,112, -   ,14, -   , -   ,0,0, -   ,8.148,343, -   ,343,54, -   ,54
26,270,16,0,0,7,132,21,14,0,1,1, -   , -   ,1,286,0,2.501,1.167,3.184,2.252,34,2.179,0,3.747,191,681,35,90,11,44.782,0,0,0,0,0,1,1,3,57,0,5,5,9,43,0,255,8,7,295,1, -   ,0,3,3,9, -   ,1,1,65,3,1,2,524,8,108,9,9,12,5,5,11,11,77,17,11,5,0,2,1,0,7,0,0,0,1,2.523,5,119,1,2,12,4,5, -   ,1,119,16,24,1.42,4.984,1,5,2, -   ,3,3,0,10,4,5,27,1,26,130,315,126,305,0,146,1,14,0,5, -   ,73.57,295.49, -   ,295.49,146.064, -   ,146.064
27,23,1,0,0,0,15,2,1,0,0,0, -   , -   ,0,30,0,1,54,3,15,1,16,0,4.939,2,190,785,0,0,41,0,0,0,0,0,0,0,1,2,0,1,1,1,0,0,0,2,0,2,0, -   ,0,2,37,2, -   ,0,0,2,1,0,0,2,0,4,1,2,2,1,1,2,2,13,3,2,1,0,0,0,0,1,0,0,0,0,3,1,2,0,0,2,1,1, -   ,0,24,3,4,1,337,0,1,0, -   ,0,0,0,2,0,0,1,0,0,0,2,1,2,0,0,0,0,0,0, -   ,6.605,19.039, -   ,19.039,525, -   ,525
28,19,1,0,0,1,8,1,1,0,0,0, -   , -   ,0,10,0,0,334,718,19,2,121,0,400,1,11,58,246,0,165,0,0,0,0,0,0,0,0,19,0,0,0,2,16,0,95,0,2,110,0, -   ,0,0,0,0, -   ,0,0,21,0,0,0,194,0,34,0,0,0,0,0,0,0,26,2,1,0,0,0,0,0,0,0,0,0,0,937,0,41,0,0,1,0,0, -   ,0,5,1,1,445,6.421,0,0,0, -   ,0,0,0,0,0,0,0,0,0,0,0,0,3,0,0,0,0,0,0, -   ,10.498,89, -   ,89,79, -   ,79
29,10,1,0,0,0,8,2,0,0,0,0, -   , -   ,0,20,0,1,106,166,14,1,344,0,117,2,82,1,0,2.504,44,0,0,0,0,0,1,0,0,8,0,1,1,1,5,0,23,1,1,23,0, -   ,0,2,3,1, -   ,0,0,8,0,0,0,45,0,10,1,1,2,1,1,2,2,8,2,2,1,0,1,0,0,1,0,0,0,0,239,1,11,0,0,2,1,2,0,1,14,27,49,1.341,8.012,1,3,0, -   ,1,0,4,13,20,18,9,2,6,0,6,0,7,0,0,0,2,3,2, -   ,13.383,259, -   ,259,138, -   ,138
30,390,17,0,0,11,153,17,21,0,1,5, -   , -   ,1,104,0,3,2.979,6.354,174,16,1.076,0,3.544,8,174,20,16,1,1.987,0,0,0,0,0,1,0,1,168,0,2,1,15,141,0,844,4,20,864,0, -   ,0,1,1,4, -   ,0,1,183,1,1,1,1.717,1,301,2,4,5,2,2,5,5,230,17,9,2,0,1,0,0,3,0,0,0,0,8.296,2,365,1,1,6,2,2, -   ,0,55,6,9,1.824,47.324,1,1,0, -   ,1,2,0,5,0,0,3,0,235,99,163,165,63,0,570,0,1,0,1, -   ,80.839,273.443, -   ,273.443,562, -   ,562
31, -   , -   , -   , -   , -   , -   , -   , -   , -   , -   , -   , -   , -   , -   ,4, -   , -   ,328,731,16,2,120, -   ,406,0, -   , -   , -   , -   ,167, -   , -   , -   , -   , -   , -   , -   , -   ,19, -   , -   , -   ,1,16, -   ,97,0,2,99, -   , -   , -   , -   , -   , -   , -   , -   , -   ,20, -   , -   , -   ,197, -   ,34, -   , -   , -   , -   , -   , -   , -   ,26,1,1, -   , -   , -   , -   , -   , -   , -   , -   , -   , -   ,954, -   ,41, -   , -   , -   , -   , -   , -   , -   , -   , -   , -   , -   , -   , -   , -   , -   , -   , -   ,0, -   , -   , -   , -   , -   , -   , -   , -   , -   , -   , -   , -   , -   , -   , -   , -   , -   , -   ,3.284, -   , -   , -   , -   , -   , -   
32,11,2, -   ,0,8,2.064,4, -   , -   , -   ,1, -   , -   ,0,0,0, -   , -   , -   ,4,1, -   , -   , -   ,0,24,0, -   ,3, -   , -   ,529,54,142,243,1.359,0,158,634,0,10, -   , -   ,14,0, -   ,0, -   , -   , -   , -   , -   ,1,0, -   , -   ,249,28,60,0,0,0, -   , -   ,0, -   ,0,0, -   , -   ,21,4,0, -   ,0,0,0,1,0, -   ,0,0, -   ,0,9, -   ,0,426, -   ,0,390,111,0, -   ,0,1,82,22,4,1,0,6,0, -   ,0,0, -   ,0,1,1,47,12,3,23,43,3,226,0,0,0,5,0,8, -   ,7.054,884, -   ,884,3, -   ,3
33, -   , -   , -   , -   , -   , -   ,0, -   , -   , -   , -   , -   , -   ,0, -   ,0, -   ,360, -   ,3,1, -   , -   ,2, -   ,8,0,1,0,2, -   ,8,40,6,16,697,11,93,299,0,1,0, -   ,11,1,82,3, -   ,9, -   , -   , -   ,3,5, -   , -   ,13,10,62,2,0,0,26,22,27, -   ,23,33, -   , -   ,42,68,48,41,96,51,0,3,2, -   ,5,1, -   ,0,9,26,4,328, -   ,1,269,40,0, -   ,1,5,5,16,3, -   ,3,2, -   , -   ,0,0, -   ,1, -   , -   ,37,5,14,16,27,1,18, -   , -   , -   ,0,0,2, -   ,3.078,269,187,456,0, -   ,0
34,6,4,0,1,0,29,3,0,0,0,0, -   , -   ,2,20,0,4,59,115,13,2,61,0,59,4,15,0,0,0,54,0,2,10,16,5,290,0,119,1.026,0,24,113,0,848,0,13,9,0,15,32, -   ,0,6,18,0, -   ,4,3,59,1,7,0,27,0,8,0,1,1,0,0,24,2,6,1,2,1,0,2,0,0,2,1,0,0,3,6.413,9,86,0,0,264,16,0, -   ,0,1.028,6,18,416,53,1,4,0, -   ,60,2,0,0,0,0,31,5,18,65,44,53,164,6,38,0,158,0,4, -   ,12.123,6.453, -   ,6.453,371, -   ,371
35,1,0,0,0,0,0,0,0,0,0,0, -   , -   ,1,1,0,0, -   , -   ,1,0,27, -   , -   ,0,13,0, -   ,0, -   , -   ,19,85,7,36,1.478,0,181,611,0,3,0,0,23,0,0,0, -   , -   , -   , -   , -   ,0,0, -   , -   ,39,19,80,0,0,0, -   ,1,0,0,0,1, -   ,0,26,1,1, -   ,1,0,0,1,0, -   ,1,0, -   ,0,14, -   ,0,672, -   ,0,577,82,4, -   ,1,5,17,37,12,10,10,5,0, -   ,0,0, -   ,0,0,0,117,18,78,1,35,17,74,0,0,8,5,0,4, -   ,4.467,782, -   ,782,53, -   ,53
36,59,3,0,0,1,40,7,2,0,0,0, -   , -   ,1,99,0,6,516,7,56,5,725,0,25,8,72,2,2,5,18,0,2,0,6,5,177,17,107,232,2,23,6,6,2,2,86,9,0,15,0, -   ,0,6,10,4, -   ,1,8,71,10,2,5,32,48,46,6,41,57,3,10,52,101,76,50,125,59,0,9,3,0,35,1,0,0,5,35,16,22,1,2,30,9,99, -   ,14,205,44,77,144,274,258,2,0, -   ,1,0,0,6,0,0,1.245,198,1.982,19,763,438,592,6,6,206,96,5,3, -   ,10.035,9.088,195,9.283,2.579, -   ,2.579
37,12,1,0,0,0,14,3,0,0,0,0, -   , -   ,0,30,0,1,516,831,17,2,30,0,70,3,10,1,1,0,31,0,2,0,8,5,393,274,7.939,15.941,0,1,1,1,3,2,112,13,0,27,0, -   ,0,4,7,1, -   ,0,5,35,3,0,1,61,27,40,1,29,41,1,1,37,83,63,51,115,61,0,4,2,0,7,1,0,0,4,173,5,26,0,1,448,6,1, -   ,1,24,2,3,1,4,4,3,0, -   ,0,0,0,3,0,0,8,0,17,19,33,1,2,0,0,0,12,0,1, -   ,27.776,594,222,816,1.325, -   ,1.325
38,26,2,0,0,1,25,6,2,0,0,0, -   , -   ,0,34,0,2,646,9,26,3,45,0,31,3,17,2,2,1,12,0,2,0,6,7,45,26,250,506,0,3,1,8,3,3,135,25,0,18,0, -   ,0,6,10,2, -   ,1,3,53,5,1,1,65,37,49,1,40,56,1,1,52,115,82,71,160,85,1,6,3,0,10,1,0,0,32,46,7,33,0,1,19,7,2, -   ,1,37,26,46,3,9,7,1,0, -   ,1,1,0,4,1,1,25,2,36,50,586,4,331,0,3,2,153,0,1, -   ,4.332,18.985,307,19.292,739, -   ,739
39,116,6,0,0,2,53,13,72,0,0,0, -   , -   ,4,171,0,5,198,12,82,6,49,0,33,19,117,3,1,9,23,0,1,0,6,1,7,3,6,8.087,3,39,10,4,1,0,1,10,0,7,1, -   ,0,6,7,6, -   ,2,16,90,13,4,9,7,61,29,4,29,41,4,5,36,42,45,24,46,10,0,12,2,0,56,1,1,0,6,116,20,8,1,3,54,12,5,1,2,109,54,86,13,27,6,21,6, -   ,1,20,1,18,41,34,182,16,303,4,374,2.194,1.188,0,1,4,28,28,3.956, -   ,18.737,44.493,0,44.494,1.858, -   ,1.858
40,1,54,0,1,0,1,0,0,0,0,0, -   , -   ,0,16,0,9, -   , -   ,6,0, -   , -   , -   ,3,18,2,7,0, -   , -   ,0,0,0,0,0,0,16,0,43,992,3,1, -   ,0, -   ,0, -   ,2,3, -   , -   ,0,1, -   , -   ,0,0,13,3,2,3, -   ,1,1, -   ,0,6,0,2,5,4,27,0,11,2,0,0,0, -   ,2,0, -   ,0,0, -   ,17,17,8,0,1.275,16, -   , -   , -   ,3.185,264,100,0, -   , -   ,67,0, -   ,0,1, -   , -   ,0,0,1,15,2,0,10,0,7, -   ,0,31,2,0,5, -   ,6.287,2.543, -   ,2.543,57, -   ,57
41,68,2.966,0,0,2,25,1,12,0,0,0, -   , -   ,4,887,0,497,18,15,346,0,6,0,7,165,316,111,376,2,5,0,1,0,9,0,4,17,894,8,274,6.133,107,40,0,0,0,8,0,109,139, -   ,0,10,64,1, -   ,0,2,708,173,129,163,1,42,83,0,11,337,18,108,95,210,130,13,239,95,0,14,4,0,92,8,0,0,23,113,34,924,423,7,20.515,102,23, -   ,6,55.02,1.997,3.533,24,2,18,150,6, -   ,34,16,1,1,27,3,39,101,120,21,552,26,374,0,1,1.72,102,1,28, -   ,102.411,50.58, -   ,50.58,1.588, -   ,1.588
42,44,2,0,0,1,15,66,3,0,0,0, -   , -   ,61,738,2,150,26,1.389,1.174,35,6.326,0,4.261,169,828,153,24,99,672,0,4,1,11,7,83,2,29,602,1,199,1,1.56,722,80,87,4.119, -   ,121,4, -   ,0,80,215, -   , -   ,2,27,1.629,54,156,70,4.616,10,48,2,12,18,6,38,116,53,171,0,25,69,1,65,19,0,186,14,3,1,62,70,10,1.246, -   ,9,151,694,77,0,22,810,5.324,9.525,247,381,68,448,2, -   ,199,118,2,132,222,153,1.11,119,205,20,1.091,46,621,11,17,53,318,26,74, -   ,55.258,23, -   ,23,468, -   ,468
43,110,5,0,0,3,39,172,6,0,0, -   , -   , -   ,93,1.937,4,393,67,3.647,3.079,92,16.616, -   ,11.192,443,2.169,401,63,260,1.755, -   ,12,2,30,19,217,5,75,1.58,2,522, -   ,4.097,1.896,211,228,10.82, -   ,319,9, -   , -   ,211,563, -   , -   ,5,71,4.278,140,410,182,12.125,26,123,4,31,46,16,99,306,140,449,0,65,182,2,170,50, -   ,488,37,9,2,162,88,27,3.273, -   ,22,396,1.824,77, -   ,29,2.046,13.939,24.955,639,991,93,403,5, -   ,289,271, -   ,337,498,366,2.899,305,514,48,2.787,115,1.492,29,42,139,777,64,168, -   ,142.926,60.415, -   ,60.415,1.229, -   ,1.229
44,19,1,0,0,1,7,29,1,0,0, -   , -   , -   ,16,334,1,67,151,934,534,16,2.898, -   ,2.09,76,372,69,11,45,371, -   ,2,0,5,3,37,1,13,279,0,89, -   ,703,332,36,80,1.854,1,97,2, -   , -   ,36,96, -   , -   ,1,12,742,24,70,31,2.161,4,35,1,5,8,3,17,52,24,88,1,11,31,0,29,9, -   ,84,6,2,0,28,419,5,578, -   ,4,68,313,13, -   ,5,351,2.388,4.276,109,170,16,69,1, -   ,50,46, -   ,58,85,63,497,52,88,8,477,20,256,5,7,24,133,11,29, -   ,25.881,10.352, -   ,10.352,211, -   ,211
45,12,1,0,0,0,6,1,1,0,0,0, -   , -   ,2,10,0,0,13,1,18,1,3,0,2,0,13,1,0,0,2,0,0,0,0,0,1,1,1,4,0,1,4,0,0,1,0,408,0,0,0, -   ,0,2,2,0, -   ,0,0,3,2,1,2,1,0,4,0,1,5,0,0,1,2,1,1,2,1,0,1,0,0,2,0,0,0,0,1,1,1,0,0,2,69,2, -   ,1,6,24,44,3,12,2,7,0, -   ,11,19,0,7,21,9,158,84,7,0,369,0,312,2,0,3,111,2,80, -   ,1.914,108, -   ,108,160, -   ,160
46,160,7,0,0,5,56,23,9,0,1,0, -   , -   ,65,178,0,80,1.87,4.159,473,49,1.587,41,5.526,74,1.529,164,3,371,1.322,23,1,1,16,4,95,6,13,591,2,45,65,36,326,15,668,44,13,570,6, -   ,17,268,459, -   , -   ,31,37,613,21,15,51,1.099,20,233,2,19,51, -   ,16,143,144,274,7,132,155,1,55,22,4,92,4,41,1,39,9.046,57,231,3,9,199,96,233,34,177, -   ,4.954,8.967,409,1.979,199,618,38, -   ,202,394,674,2.023,3.881,3.29,1.848,420,1.136,1,1.228,30,2.685,22,63,89,995,609,947, -   ,72.137, -   ,2,2,4, -   ,4
47,260,11,0,0,7,95,22,14,0,0,0, -   , -   ,181,225,4,54,8.398,304,582,39,1.143,16,743,41,505,51,34,25,187,9,35,6,84,107,513,268,253,701,5,83,71,1.593,111,78,1.961,5.529,0,262,14, -   ,7,139,193,1, -   ,11,68,1.085,93,41,47,1.247,525,721,6,556,841,1,81,750,1.664,1.355,972,2.316,1.209,9,112,49,2,205,20,11,1,78,824,117,529,0,22,231,686,224, -   ,70,242,9.642,16.554,314,942,238,556,10, -   ,516,571,0,152,2.399,731,9.055,4.422,1.664,396,6.304,121,6.74,20,30,269,2.496,130,1.62, -   ,107.875,3.564,4.292,7.856,1.263, -   ,1.263
48,0,0,0,0,0,0,0,0,0, -   , -   , -   , -   ,2,38,0,2,3.082,6.857,151,15,1.35, -   ,3.806,3,0,0,0,0,1.567, -   ,0,0,0,0,0,0,0,218,0,9,8,14,153,0,911,0,5.909,950,1, -   ,1,5,5,3, -   ,1,14,194,1,0,0,1.849,0,316, -   ,0,0,0, -   ,0,0,244,11,6,1, -   ,0,0, -   ,0,0, -   ,0,0,8.953,0,391, -   ,0,3,25,10.863, -   ,1,0,2,0,1,1,0,0,15, -   ,0,2, -   , -   ,0, -   ,24,2,1,0,0,0,7,0,0, -   ,191,0,1, -   ,48.189,582, -   ,582,254, -   ,254
49,136,9,0,0,3,470,89,67,0,1,0, -   , -   ,1.146,772,0,1.237,831,1.38,1.18,270,416,3,803,194,175,220,44,101,1.43,1,16,75,140,12,22,202,101,1.359,96,330,1.564,22,504,1,129,59,1.31,12.508,822, -   ,576,1.843,701,1.969, -   ,645,750,1.509,582,233,51,374,51,782,8,269,162,22,22,87,248,446,75,205,316,0,26,2,0,268,10,4,0,54,1.256,126,991,5,6,1.688,311,26,5,735,1.025,1.715,650,79,697,49,299,77, -   ,270,171,4,107,337,278,1.646,351,606,54,384,231,3.194,95,61,33,250,92,441, -   ,60.89,174.786,3,174.788,149.702, -   ,149.702
50,60.299,5.552,124,240,2.616,3.009,2,1,0,3,0, -   , -   ,13,14,1,14,1.788,11,32,7,53,0,13,3,51,5,5,2,23,0,7,3,19,22,101,85,51,122,2,6,19,0,6,7,405,17,15,293,59, -   ,7,89,54,23, -   ,9,17,217,20,3,2,129,110,145,0,125,164,6,0,149,340,243,206,475,256,2,15,8,0,27,3,0,0,12,127,21,86,0,3,27,12,2, -   ,11,32,1.118,2,1,8,15,2,0, -   ,0,0,0,5,0,0,139,3,125,81,160,55,89,97,1,0,5,0,7, -   ,80.212,81.469,921,82.39,2.129, -   ,2.129
51, -   , -   , -   , -   , -   , -   , -   , -   , -   , -   , -   , -   , -   , -   , -   , -   , -   , -   , -   , -   , -   , -   , -   , -   , -   , -   , -   , -   , -   , -   , -   , -   , -   , -   , -   , -   , -   , -   , -   , -   , -   , -   , -   , -   , -   , -   , -   , -   , -   , -   , -   , -   , -   , -   , -   , -   , -   , -   , -   , -   , -   , -   , -   , -   , -   , -   , -   , -   , -   , -   , -   , -   , -   , -   , -   , -   , -   , -   , -   , -   , -   , -   , -   , -   , -   , -   , -   , -   , -   , -   , -   , -   , -   , -   , -   , -   , -   , -   , -   , -   , -   , -   , -   , -   , -   , -   , -   , -   , -   , -   , -   , -   , -   , -   , -   , -   , -   , -   , -   , -   , -   , -   , -   , -   , -   , -   , -   , -   , -   , -   , -   
52,102,9,0,0,3,79,2,51,0,1,0, -   , -   ,48,2,0,0,139,326,66,2,50, -   ,168,0,52,1,0,2,69, -   ,0,0,3,1,8,19,1,46,1,211,4,30,7,2,43,515,1,41,0, -   ,0,4,2, -   , -   ,1,26,1.608,9,27,470,81,5,41, -   ,60,326,21, -   ,382,105,118,319,162,189,0,67,0, -   ,82,15, -   ,0,24,424,79,253, -   ,19,878,76,32, -   ,12,9.988,113,132,81,191,234,242,2, -   ,141,61,0,8,202,142,238,0,167,24,0,48,100, -   ,0,58,1,24,72, -   ,20.294, -   , -   , -   ,3, -   ,3
53,338,30,1,1,14,866,85,7,0,0,0, -   , -   ,1,91,0,3,1.663,3.455,110,47,619,0,1.934,6,52,1,1,1,809,0,0,0,0,0,1,3,1,92,0,2,1,9,76,0,453,4,11,467,0, -   ,0,179,7,4, -   ,0,1,108,1,1,1,925,1,166,2,4,5,3,2,5,7,126,12,7,2,0,1,0,0,3,0,0,0,1,4.461,2,199,1,1,6,2,2, -   ,0,56,59,14,9,14,1,1,0, -   ,1,1,0,5,0,0,7,1,130,2,200,1.596,139,115,1,0,40,0,12, -   ,19.909,1.436, -   ,1.436,665, -   ,665
54,1.303,115,2,4,55,88,10,117,0,0,0, -   , -   ,17,139,1,17,460,140,141,22,169,0,116,15,182,9,2,8,59,0,2,5,6,6,51,29,16,91,2,40,30,41,51,2,84,46,15,167,11, -   ,6,32,90,24, -   ,14,28,101,19,10,5,87,42,103,2,36,49,19,146,70,94,83,200,94,53,1,28,8,0,47,1,2,0,15,190,23,41,1,2,68,30,27,1,19,113,174,195,885,42,10,27,8, -   ,2,26,1,83,52,43,1.333,312,162,36,458,81,479,108,117,6,200,14,1.663, -   ,12.428,4.04,148,4.188,3.633, -   ,3.633
55,0,0,0,0,0,49,12,11,0, -   , -   , -   , -   ,217,96,0,213,27,153,179,47,83, -   ,82,31,49,37,7,16,219, -   ,3,14,24,2,2,38,16,229,17,49,283,0,85,0,8,7,228,2.24,371, -   ,100,317,124,630, -   ,112,129,227,99,31,5,37,3,123, -   ,41,21,3, -   ,4,36,67,10,28,52, -   ,2,0, -   ,42,2, -   ,0,8,83,19,158, -   ,0,287,52, -   , -   ,126,11,242,13,0,105,0,24,5, -   ,0,1, -   , -   ,0, -   ,234,39,62,11,23,3,488,14,9, -   ,37,0,72, -   ,9.521,32.713, -   ,32.713,25.514, -   ,25.514
56, -   , -   , -   , -   , -   , -   , -   , -   , -   , -   , -   , -   , -   , -   , -   , -   , -   , -   , -   , -   , -   , -   , -   , -   , -   , -   , -   , -   , -   , -   , -   , -   , -   , -   , -   , -   , -   , -   , -   , -   , -   , -   , -   , -   , -   , -   , -   , -   , -   , -   , -   , -   , -   , -   , -   , -   , -   , -   , -   , -   , -   , -   , -   , -   , -   , -   , -   , -   , -   , -   , -   , -   , -   , -   , -   , -   , -   , -   , -   , -   , -   , -   , -   , -   , -   , -   , -   , -   , -   , -   , -   , -   , -   , -   , -   , -   , -   , -   , -   , -   , -   , -   , -   , -   , -   , -   , -   , -   , -   , -   , -   , -   , -   , -   , -   , -   , -   , -   , -   , -   , -   , -   , -   , -   , -   , -   , -   , -   , -   , -   , -   
57,3.057,168,3,7,93,815,32,2.253,0,22,0, -   , -   ,9,63,0,4,84,4,83,4,20,0,14,3,56,1,0,0,10,0,0,0,2,0,2,1,1,11,8,60,1,1,0,0,0,3,0,3,0, -   ,0,1,3,3, -   ,150,8,66,5,2,4,3,104,9,2,7,18,2,2,21,17,43,3.843,29,2,0,3,1,0,9,0,2,0,2,788,9,4,0,98,28,9,8, -   ,0,136,10,11,2,9,3.383,9.529,0, -   ,12,1,0,3,0,0,39,4,100,2,32,76,41,0,0,0,153,0,6, -   ,25.752,670, -   ,670,538, -   ,538
58,2.637,102,1,1,38,48,10,4.277,0,0,0, -   , -   ,1,41,0,1,52,4,74,1,12,0,9,2,9,1,0,1,6,0,0,0,123,0,1,1,0,629,2,2,1,1,0,0,0,3,0,2,0, -   ,0,10,4,2, -   ,379,341,368,8,1,4,2,0,4,1,3,72,1,1,12,160,157,874,16,27,0,24,5,0,174,6,0,0,23,6.017,8,8,0,13,21,20,1, -   ,0,1.558,515,418,49,7,20,2,0, -   ,2,1,0,2,2,2,1.463,2,1,26,884,1,2.133,0,0,0,107,0,3, -   ,24.06,414, -   ,414,10.329, -   ,10.329
59,726,5.487,1,64,27,3.252,83,2.707,0,1,0, -   , -   ,72,2.838,4,3.728,1.641,18.316,3.559,186,43.587,0,25.048,2.759,4.123,231,188,19,34.756,0,13,15,173,28,303,43,160,4.473,8,621,57,1.392,449,16,682,5.501,16,948,34, -   ,9,325,2.019,26, -   ,16,138,11.252,169,92,114,320,132,690,3,102,681,319,91,2.14,892,5.289,8.65,1.395,4.124,1,1.153,189,0,5.518,45,110,41,457,5.657,3.038,3.211,448,79,6.799,8.511,35,0,33,46.823,1.716,1.945,6.787,2.433,89,142,45, -   ,80,497,1,286,144,66,5.966,143,111,93,829,15,13.47,2,92,108,383,16,459, -   ,325.393,257.545,595,258.14,71.384, -   ,71.384
60,45,2,0,0,1,25,3,24,0,0,0, -   , -   ,77,24,1,65,100,92,16,6,8,0,19,4,961,1.04,2.185,160,4.788,0,0,0,0,0,2,0,1,6,0,45,2,0,0,0,0,1,0,1,5, -   ,0,155,353,1, -   ,0,1,4.683,4.278,5,1,1,0,4,1,1,153,1,1,2,5,664,378,61,651,2,0,2,0,1.185,183,0,0,364,754,328,1,0,0,68,145,27,3,8,4.558,495,232,37,21,82,104,28, -   ,4,12,6,14,4,4,96,16,178,6,346,52,314,0,1,28,144,4,27, -   ,30.997,6.216, -   ,6.216,2.229, -   ,2.229
61,26,2,0,0,0,21,4,1,0,0,0, -   , -   ,58,47,0,2,86,5,30,2,20,0,15,3,22,1,4,0,10,0,0,0,5,0,1,1,1,7,3,348,12,1,0,0,0,3,0,10,0, -   ,0,2,6,3, -   ,1,1,146,31,740,200,6,371,99,2,171,98,2,1,334,55,53,4,60,18,0,83,0,0,40,5,0,0,76,28,23,379,0,1,47,7,1, -   ,0,31.46,4,6,62,9,36,31,5, -   ,2.807,1,0,3,0,0,46,13,18,5,40,4,13,0,7,0,2,0,14, -   ,38.438,15.031, -   ,15.031,2.441, -   ,2.441
62,8,1,0,0,0,6,1,0,0,0,0, -   , -   ,4,14,0,1,25,1,7,1,6,0,4,1,4,0,0,0,3,0,0,0,0,0,0,0,0,1,0,1,0,0,0,0,0,1,0,1,0, -   ,0,0,1,1, -   ,0,0,1,8,39,0,16,0,7,0,141,4,0,0,3,1,12,1,18,20,0,3,0,0,1,0,0,0,2,2,0,1,0,0,1,0,24, -   ,6,28.498,3,2,3,3,16,140,0, -   ,32,6,1,1,15,3,2,4,11,7,14,2,22,0,0,0,9,1,1, -   ,29.204,8.006, -   ,8.006,109, -   ,109
63,5,0,0,0,0,4,1,0,0,0,0, -   , -   ,0,92,0,0,6.914,15.35,339,32,2.532,0,8.52,7,2,0,0,0,3.505,0,0,0,0,0,0,17,0,397,0,0,78,32,340,0,2.04,1,48,2.08,111, -   ,0,0,0,0, -   ,0,1,431,0,48,112,19.143,9.223,873,0,13,3,0,0,1.259,1,546,25,13,0,0,0,0,0,0,0,0,0,82,20.043,0,872,0,0,1,0,0, -   ,0,104.362,1,1,0,2,0,0,0, -   ,0,5,0,1,0,0,0,0,262,45,0,110,1,0,0,0,0,0,0, -   ,199.933,164.937, -   ,164.937,67, -   ,67
64,6,0,0,0,0,11,35,0,0,0,0, -   , -   ,9,4,0,1,918,4,19,2,9,1,6,2,18,2,4,2,5,0,4,1,9,11,55,29,27,62,0,3,3,5,0,4,210,10, -   ,26,2, -   ,0,8,13, -   , -   ,1,5,89,8,1,3,65,57,74,0,62,87, -   ,5,80,178,154,104,249,131,1,10,5,0,16,2,1,0,7,81,12,38,1,2,10,6,5.483,2,6,52.735,95,173,22,17,21,49,15, -   ,1,53,1,32,106,88,104,40,109,43,141,14,123,0,3,10,9,29,8, -   ,62.614, -   ,470,470,75, -   ,75
65,69,7,0,3,1,55,16,6,0,0,0, -   , -   ,748,185,2,10,4.991,107,106,16,67,0,104,8,70,10,14,3,68,0,19,3,73,59,272,148,137,295,3,144,6,3,3,19,1.091,49,1,145,0, -   ,1,41,76,7, -   ,57,142,3.889,34,43,5,370,1.283,23.059,4,3.259,17.84,12.632,1.705,16.12,7.787,8.711,9.136,10.736,3.755,7,1.62,287,0,682,101,0,1,357,913,6.91,3.172,3,559,4.209,174,75, -   ,9,19.635,240,18,4,24,42,13,218, -   ,1,4,0,20,1,0,621,32,275,215,431,51,58,5,1,1,2,1,20, -   ,170.838,104.106,2.456,106.562,5.591, -   ,5.591
66, -   , -   , -   , -   , -   , -   ,25, -   , -   , -   , -   , -   , -   ,45, -   , -   , -   , -   ,115, -   , -   , -   , -   ,38, -   , -   , -   , -   , -   , -   , -   , -   , -   ,1, -   , -   , -   , -   , -   , -   ,247,39, -   , -   , -   , -   ,7, -   ,819, -   , -   , -   ,1, -   , -   , -   , -   ,0,1.057,51,166,4, -   , -   ,1.049,514,1.569,731,2, -   ,4.489,885,1.565,68,466,1.359, -   ,1.082,315, -   ,4.033,374,1,2,145, -   ,50,169,3.529,13,188,1.171, -   , -   , -   ,4.566,137,7,1, -   ,0,0,50, -   ,0,0, -   , -   , -   , -   ,71,8,27,5,60,39,35, -   ,0, -   ,0,0,10, -   ,31.4,35.1, -   ,35.1,1.714, -   ,1.714
67,63,4,0,1,2,15,27,56,0,0,0, -   , -   ,41,71,0,44,19,166,3,0,4, -   ,20,2,4,16,1,8,19, -   ,0,0,7,0,8,0,13,21,1,148,12,1, -   ,0,0,3, -   ,230,2, -   ,7,10,38, -   , -   ,16,38,1.04,16,52,2, -   ,209,4.646,135,464,3.889,2.656,648,4.573,2.075,2.17,2.013,2.213,1.037,0,632,140, -   ,1.208,118,1,0,121,154,1.491,1.047,941,126,1.043,361,10,1,3,5.118,111,36,2,6,38,77,61, -   ,1,3,2,4,2,2,155,15,24,2,50,15,30,1,6,9,4,1,35, -   ,42.185,35.855, -   ,35.855,3.748, -   ,3.748
68,507,27,1,1,14,235,33,310,0,4,0, -   , -   ,479,78,2,17,3.426,210,106,12,46,0,136,13,76,12,11,4,127,0,13,2,30,38,175,96,91,203,2,29,21,9,0,12,687,32,0,87,33, -   ,1,32,58,3, -   ,6,21,544,29,5,15,220,260,744,2,216,704,282,90,631,875,1.14,788,2.859,605,3,71,22,0,101,8,0,1,30,867,344,327,17,21,2.027,38,156,15,49,46.937,192,271,12,94,419,724,47, -   ,263,53,27,74,25,78,522,241,353,137,306,71,125,0,12,135,84,17,137, -   ,73.025,57.383,1.561,58.944,3.048, -   ,3.048
69,15,1,0,0,0,2,19,20,0,0,0, -   , -   ,3,35,7,25,16.016,65,147,36,2,0,73,1,127,29,45,6,80,0,64,10,151,200,919,500,460,977,5,46,11,1,0,63,3.656,143, -   ,430,1, -   ,4,135,256, -   , -   ,17,74,1.201,108,7,14,1.15,1.004,1.445,0,1.054,1.648,118,185,1.541,3.344,2.272,2.052,4.454,2.322,15,153,77,0,240,29,0,2,105,1.167,257,926,9,36,189,90,22,0,29,860,35,51,6,4,146,28,6, -   ,1,13,0,48,26,21,257,14,651,710,1.161,27,33,0,4,3,3,7,25, -   ,56.283,4.61,8.318,12.928,1.026, -   ,1.026
70,158,6,0,2,2,3,159,271,0,0,1, -   , -   ,1,477,2,346,2.303,902,23,5, -   , -   ,15,11,30,128,16,61,118, -   ,10,1,26,29,198,72,166,293,2,442,4, -   , -   ,9,526,25, -   ,181, -   , -   ,53,95,338, -   , -   ,38,105,284,30,27,3,165,143,628, -   ,560,530,2,2.38,1.12,3.748,886,2.073,1.771,580,2,152,23, -   ,308,9,2,1,128,288,252,3.107,126,64,947,192,4, -   ,4,1.279,88,124,17,7,21,6,0, -   ,6,2, -   ,6,8,6,73,31,149,105,252,23,56,0,48,2,0,2,43, -   ,30.545,45.831,1.196,47.028,7.534, -   ,7.534
71,594,47,0,5,11,126,336,654,0,2,1, -   , -   ,65,1.135,3,729,1.965,2.324,137,12,317,0,448,47,113,260,27,126,487,0,8,1,27,20,232,50,258,463,4,923,40,12,24,6,387,49,2,348,7, -   ,107,171,653,8, -   ,78,211,625,51,62,14,206,134,1.736,5.818,1.025,1.32,373,4.877,2.56,7.259,1.722,4.256,3.113,912,2,539,67,0,819,22,26,2,270,1.676,733,6.326,312,145,2.132,489,502,2,30,9.004,262,375,148,97,117,266,31, -   ,50,19,5,306,38,20,327,77,209,81,353,54,386,0,105,61,48,8,119, -   ,76.785,103.051,790,103.841,18.263, -   ,18.263
72,460,27,1,1,12,208,92,295,0,2,0, -   , -   ,911,278,2,23,1.801,138,554,43,68,0,183,22,125,30,39,41,111,0,12,6,27,18,85,49,39,303,21,249,170,5,6,6,211,59,14,167,61, -   ,7,46,52,29, -   ,34,93,1.329,140,52,151,77,62,474,5,268,574,5,50,400,3.183,3.964,3.668,942,1.408,1,103,38,0,169,11,3,2,216,3.113,93,4.252,55,80,202,139,262,30,92,12.645,351,823,9,200,876,1.085,1.394, -   ,29,82,53,142,37,34,857,184,317,49,229,77,170,1,12,264,121,21,159, -   ,53.069,170.166,479,170.645,34.009, -   ,34.009
73,12.257,670,13,31,388,2.991,157,6.176,1,113,1, -   , -   ,556,327,3,379,2.459,6.941,883,60,1.428,0,2.484,53,597,56,70,72,1.395,0,22,9,46,30,110,69,60,501,35,462,427,436,28,12,388,231,0,128,145, -   ,2,40,80,4, -   ,49,126,2.07,161,36,231,277,590,712,2,399,443,24,59,457,1.658,1.746,2.568,2.446,1.396,2,191,47,0,349,6,107,1,115,2.089,208,877,118,30,426,379,846,17,354,34.298,554,1.764,144,159,1.081,783,200, -   ,31,56,31,207,29,25,710,95,256,73,298,52,334,9,16,454,104,15,439, -   ,107.654,31.653,799,32.452,22.612, -   ,22.612
74,2.489,166,4,5,89,1.176,58,2.982,0,20,2, -   , -   ,4.33,434,3,17,5.432,734,447,32,169,0,1.076,68,328,35,8,8,525,0,2,0,2,1,12,12,27,69,1,20,90,9,3,5,1,27,2,43,397, -   ,1,48,51,22, -   ,3,8,68,44,17,38,26,7,156,13,41,120,14,13,46,52,44,10.308,30,21,1,12,4,0,49,2,1,0,9,1.277,13,29,4.206,11,37,13,1.966,228,569,307,1.487,2.694,17,1.331,5.3,7.494,376, -   ,65,550,404,983,290,271,4.375,628,2.12,28,1.082,566,946,0,65,2.034,584,163,942, -   ,76.082,295.493,0,295.493,13.981, -   ,13.981
75,1.666,91,2,4,49,15.292,53,1.022,19,14,1, -   , -   ,1.455,442,2,49,5.141,783,696,55,198,0,460,127,471,38,55,40,284,0,43,13,103,78,306,148,123,536,14,188,708,39,2,17,862,99,1,128,91, -   ,2,50,87,13, -   ,58,60,998,158,62,199,285,288,658,7,449,642,37,61,525,1.071,1.098,986,4.381,1.063,4,100,37,0,175,8,1,1,464,863,128,421,416,22,219,405,464,46,187,7.748,455,765,17,304,1.412,1.701,149, -   ,222,131,83,222,62,72,1.628,249,819,181,643,130,298,1,25,1.53,164,35,345, -   ,68.597,81.563,1.953,83.516,39.29, -   ,39.29
76,328,28,0,1,10,108,26,158,0,3,0, -   , -   ,64,66,0,21,167,237,55,4,136,0,118,10,38,4,2,3,120,0,1,0,1,0,2,1,2,24,1,17,24,14,1,0,2,18,0,7,9, -   ,0,3,14,3, -   ,2,4,69,7,2,7,3,14,25,2,13,13,2,17,19,44,20,48,86,1.252,0,5,1,0,10,0,0,3,3,695,12,30,2,1,30,24,46,3,16,9.392,906,481,3,27,80,104,8, -   ,2,10,5,16,4,4,2.073,10,30,2,32,9,25,0,83,56,8,2,23, -   ,17.782,37.827, -   ,37.827,6.357, -   ,6.357
77,785,34,1,1,23,275,10,126,0,1,0, -   , -   ,30,1,0, -   ,17,3,15,3, -   , -   ,3,1,44,2,4,3,2, -   ,0,0,2,1,6,2,1,28,0,1,8, -   , -   ,0, -   ,3, -   ,0,1, -   , -   ,3,3, -   , -   ,2,9,6,10,4,1, -   , -   ,2, -   ,15,13, -   , -   ,20,19,15,2,24,4,1.5,7,2, -   ,10,0, -   ,0,6,4,8, -   , -   ,1,26,224,19,1,6, -   ,2.842,450,30,76,26,75,2, -   ,38,92,1,7,237,55,134,10,55,0,583,2,207, -   ,2,29,284,10,35, -   ,8.686,5.741, -   ,5.741,487, -   ,487
78,303,16,0,1,8,116,6,211,0,2,0, -   , -   ,277,27,1,1,330,45,28,2,10,0,65,4,20,2,1,1,32,0,0,0,0,0,1,1,2,5,0,2,6,1,0,0,0,2,0,3,24, -   ,0,3,3,1, -   ,0,1,8,3,3,5,2,0,14,1,6,65,1,1,555,7.39,3.083,273,3.004,840,2,1.211,131,0,1.038,137,381,31,200,151,4,30,0,2,19,6,119,14,35,4.117,332,239,3,81,351,470,47, -   ,6,52,25,59,16,15,319,41,130,5,145,34,69,0,4,124,36,20,122, -   ,27.193,11.184, -   ,11.184,18.799, -   ,18.799
79,28,2,0,0,1,21,3,9,0,0,0, -   , -   ,85,38,0,2,85,9,19,2,15,0,34,3,12,1,0,1,10,0,0,0,0,0,1,0,1,4,0,3,2,1,0,0,0,2,0,3,2, -   ,0,1,2,2, -   ,0,1,17,1,1,1,2,1,8,1,4,10,1,1.451,17,242,1.476,28,1.818,150,0,1.081,477,0,427,140,103,6,152,20,3,11,1,1,9,11,100,1,3,2.345,57,30,20,17,27,55,148, -   ,3,6,2,265,2,1,139,8,13,3,57,4,66,0,3,10,4,11,40, -   ,11.518,894, -   ,894,1.917, -   ,1.917
80, -   , -   , -   , -   , -   , -   , -   , -   , -   , -   , -   , -   , -   , -   ,0, -   , -   ,41,92,2,0,15, -   ,51,0, -   , -   , -   , -   ,21, -   , -   , -   , -   , -   , -   , -   , -   ,2, -   , -   , -   ,0,2, -   ,12,0,0,12, -   , -   , -   , -   , -   , -   , -   , -   , -   ,3, -   , -   , -   ,25, -   ,4, -   , -   , -   , -   , -   , -   , -   ,3,0,0, -   , -   , -   , -   , -   , -   , -   , -   , -   , -   ,120, -   ,5, -   , -   , -   , -   , -   , -   , -   , -   , -   , -   , -   , -   , -   , -   , -   , -   , -   ,0, -   , -   , -   , -   , -   , -   , -   , -   , -   , -   , -   , -   , -   , -   , -   , -   , -   , -   ,414, -   , -   , -   , -   , -   , -   
81,5.61,331,6,15,190,1.603,86,2.896,0,54,0, -   , -   ,25,174,0,12,389,245,92,7,107,0,197,12,50,4,2,3,85,0,1,0,1,0,3,1,4,20,1,14,6,6,6,0,26,10,1,42,1, -   ,1,3,7,10, -   ,1,4,43,5,3,4,62,5,436,8,189,73,6,341,70,3.68,3.178,5.187,920,444,88,1.188,179,0,15.203,37,178,2,296,7.217,491,2.826,22,282,31,41,15, -   ,2,2.866,2.453,1.054,62,44,727,114,112, -   ,45,21,0,61,15,4,394,18,43,19,363,4,264,0,3,3,21,49,74, -   ,63.948,40.23, -   ,40.23,14.005, -   ,14.005
82,10,0,0,0,0,5,3,0,0,0,0, -   , -   ,4,19,0,0,12,1,13,2,24,0,2,6,13,1,0,1,1,0,0,0,1,0,4,3,2,5,0,7,6,1,11,0,1,3,0,0,0, -   ,0,1,2,0, -   ,2,7,33,1,1,3,0,42,15,0,6,11,0,0,8,9,11,7,7,28,0,8,2,0,20,57,3,0,2,1,4,1,0,2,12,1,0, -   ,0,1.342,1.235,2.141,23,1,43,2,2, -   ,1,2,0,0,0,0,274,83,4,7,127,0,95,1,1,0,412,7,14, -   ,6.292,99, -   ,99,201, -   ,201
83,197,12,0,0,4,148,23,42,0,1,0, -   , -   ,99,289,0,13,737,295,153,12,164,0,247,19,81,5,2,3,128,0,1,0,1,0,3,1,5,22,1,10,8,7,8,1,34,15,2,52,10, -   ,0,5,7,16, -   ,1,3,29,6,3,4,87,5,51,9,18,23,10,9,21,22,27,42,17,9,0,5,1,0,13,1,4.987,0,2,388,9,36,3.73,3,23,7,52,5,14,1.625,57,95,9,84,120,172,10, -   ,4,13,9,6.467,8,6,110,16,52,5,38,18,38,0,3,47,1.045,4,25, -   ,22.631,4.153, -   ,4.153,2.963, -   ,2.963
84,0,0,0,0,0,0,0,0,0,0, -   , -   , -   , -   , -   , -   , -   , -   , -   , -   , -   , -   , -   , -   , -   , -   , -   , -   , -   , -   , -   , -   , -   , -   , -   , -   , -   , -   , -   , -   , -   , -   , -   , -   , -   , -   , -   , -   , -   , -   , -   , -   , -   , -   , -   , -   , -   , -   , -   , -   , -   , -   , -   , -   , -   , -   , -   , -   , -   , -   , -   ,0, -   ,3, -   , -   , -   , -   , -   , -   , -   , -   , -   ,0, -   ,184,0, -   , -   , -   , -   , -   , -   , -   , -   ,1,3,6, -   , -   , -   , -   , -   , -   , -   , -   , -   , -   , -   , -   , -   , -   , -   , -   , -   , -   , -   , -   , -   , -   , -   , -   , -   , -   ,197,302, -   ,302,3, -   ,3
85,125,7,0,0,4,58,5,55,0,1,0, -   , -   ,84,38,0,5,109,67,25,2,25,0,37,3,16,1,1,1,23,0,0,0,0,0,0,0,1,5,0,4,3,4,0,1,11,239,0,3,4, -   ,0,7,4,2, -   ,0,1,16,2,1,2,2,5,9,1,5,183,1,1,27,76,227,20,216,247,0,67,14,0,66,0,6,0,1.006,77,93,3,634,21,5,18,24,2,95,633,344,610,3,18,660,75,64, -   ,4,6,3,15,7,2,131,20,22,2,528,33,2.757,77,182,18,58,16,19, -   ,10.462,8.249, -   ,8.249,5.778, -   ,5.778
86,3.247,194,5,5,78,2.372,352,645,1,25,1, -   , -   ,81,2.862,0,129,8.988,8.884,1.697,140,2.655,4,5.619,191,911,59,27,48,2.56,1,8,5,17,8,65,23,56,542,8,105,134,106,216,7,1.164,165,39,1.343,22, -   ,6,53,67,160, -   ,19,73,577,143,48,40,2.506,52,977,92,296,339,100,114,234,1.907,589,14.236,427,109,1,81,22,0,214,7,15,1,45,27.3,2.595,7.909,26,422,258,184,166,8,55,2.326,4.617,2.961,213,630,5.095,13.828,309, -   ,58,295,7,335,596,474,765,238,686,50,709,122,928,2,26,255,542,156,6.14, -   ,150.652,401.301,5,401.306,468.262, -   ,468.262
87,72,4,0,0,2,43,4,38,0,1,0, -   , -   ,78,21,0,2,119,15,16,1,8,0,23,2,23,15,29,2,75,0,0,0,0,0,1,0,1,3,0,3,3,0,0,0,0,1,0,2,7, -   ,0,3,6,1, -   ,0,1,70,58,1,2,1,0,7,1,3,6,1,1,3,3,21,72,11,9,0,1,0,0,18,2,0,0,5,59.34,3.644,156,0,0,11,4,36,4,10,1.7,407,176,1,26,158,318,7, -   ,1,10,7,18,5,5,84,13,43,1,26,11,23,0,1,38,18,3,96, -   ,67.323,26.728, -   ,26.728,5.774, -   ,5.774
88,1.871,111,5,4,56,1.157,137,640,1,22,0, -   , -   ,23,33,1,11,3.817,1.033,70,15,170,0,578,2,46,12,10,4,251,0,14,3,34,43,204,107,99,292,1,17,18,5,22,14,893,36,3,228,1, -   ,2,33,60,1, -   ,6,29,272,63,11,3,510,207,377,0,261,372,1,77,320,1.006,522,5.014,1.032,485,3,43,19,0,86,6,4,0,33,78.115,6.536,5.071,4,1.054,44,90,67,1,26,1.411,4.175,1.816,6,7,4.97,13.513,32, -   ,4,4,1,13,17,1,127,23,392,157,397,9,106,0,2,193,455,1,6.086, -   ,147.904,274.733,1.728,276.461,411.268, -   ,411.268
89,9,1,0,0,1,0,9,25, -   ,0, -   , -   , -   , -   , -   ,7, -   ,16.873, -   ,152,38, -   , -   ,77, -   ,130,21,46,2,76, -   ,68,10,158,211,963,527,477,1.016,5,13,11, -   , -   ,66,3.852,150, -   ,443, -   , -   , -   ,137,246, -   , -   ,15,69,1.215,112,4,14,1.212,1.047,1.286, -   ,1.079,1.541, -   , -   ,1.4,3.208,2.267,2.127,4.498,2.397,15,135,77, -   ,226,30, -   ,2,99,1.2,181,718,15.843,28,70,79,21, -   ,29,241, -   , -   , -   , -   ,145,19.26, -   , -   , -   ,0, -   ,43, -   , -   ,240,0,663,747,1.197,24, -   , -   ,0, -   , -   ,0,14, -   ,90.641,5.596,8.764,14.36,511, -   ,511
90,144,12,0,0,6,10,1,27,0,0,0, -   , -   ,0,9,0,0,16,1,5,0,4,0,3,1,3,0,0,0,2,0,0,0,0,0,0,0,0,1,0,0,0,0,0,0,0,0,0,1,0, -   ,0,0,0,1, -   ,0,0,1,0,0,0,1,0,2,0,1,1,0,0,1,8,1,54,1,0,0,0,0,0,1,0,0,0,0,36,6,18,0,953,1,10,0, -   ,0,7,4,3,0,2,5,12,1, -   ,0,0,0,1,0,0,7,12,0,0,1,0,1,0,0,0,1,0,17, -   ,1.42,7.414, -   ,7.414,630, -   ,630
91,46,31,0,0,1,41,2,20,0,0,0, -   , -   ,1,25,0,4,33,22,12,1,8,0,98,2,12,1,3,0,28,0,0,0,1,0,1,0,8,23,5,114,2,10,0,0,2,39,0,9,1, -   ,1,0,1,1, -   ,0,0,100,2,1,1,1,2,34,1,1,31,20,4,35,14,37,798,18,22,0,3,1,0,4,0,0,0,1,15.858,752,30,3,1,3.223,31,1,0,2,44.094,1.87,3.39,2,7,348,11,1, -   ,2,5,1,43,2,1,1.967,5,3,3,14,1,10,0,2,13,1.569,3,23, -   ,75.032,67.686, -   ,67.686,1.8, -   ,1.8
92,77,12,0,0,2,37,5,4,0,0,0, -   , -   ,14,59,0,4,73,9,41,3,42,0,56,9,32,2,2,2,11,0,0,0,1,1,225,1,191,15,1,18,4,6,5,1,1,352,0,7,1, -   ,1,2,4,2, -   ,1,5,95,3,21,10,16,13,14,1,7,15,2,2,17,16,17,35,19,21,0,11,2,0,30,17,1,0,4,15,6,14,1,2,68,47,32, -   ,494,1.653,669,1.2,47,80,28,33,1, -   ,29,15,0,9.598,80,48,1.838,73,226,126,379,85,269,0,280,24,266,9,69, -   ,19.535,42.012, -   ,42.012,3.705, -   ,3.705
93,818,105,0,465,12,10.188,333,24,0,5,2, -   , -   ,8.767,4.014,5,90,7.272,8.525,6.102,215,4.84,30,32,881,1.875,91,240,409,3.202,17,66,25,92,39,208,97,81,1.57,102,1.455,3.474,3.689,435,7,152,150, -   ,28,4.599, -   ,13,104,125, -   , -   ,149,355,7.833,625,179,919, -   ,177,2.199,57,1.108,358,134,402,830,790,670, -   ,751,214,2,240,32,3,1.464,15,12,1,107,1.6,355, -   , -   ,40,1.194,381,239.135,0,3.981,7.835,13.38,30.453,4.833,24.991,840,13.53,71, -   ,5.452,1.602,421,11.123,3.229,1.795,8.636,4.761,6.95,4.569,11.378,910,10.674,248,446,535,6.545,2.314,5.699, -   ,524.603, -   , -   , -   , -   , -   , -   
94,359,15,0,0,10,121,43,20,0,1,0, -   , -   ,1.051,2.341,2,343, -   , -   ,1.52,80,3.343, -   , -   ,270,629,117,93,234, -   , -   ,16,48,26,11,29,78,7,236,4,421,3.169,243,1,0,1,18, -   , -   , -   , -   , -   ,24,67, -   , -   ,95,206,703,1.482,198,1.624, -   ,72,2.903,477,562,74, -   ,129,359,274,161, -   ,142,106,1,40,4, -   ,724,6, -   ,0,25, -   ,24, -   , -   ,12,92,139,3.062, -   ,90,10.812,1.077,1.976,2.986,7.882,1.081,717,6, -   ,413,140,115,622,220,84,949,715,5.642,1.216,3.026,1.13,4.283,62,154,77,586,76,575, -   ,75.405, -   , -   , -   , -   , -   , -   
95,113,5,0,0,3,39,5,6,0,0, -   , -   , -   ,76,190,1,15, -   , -   ,67,4,282, -   , -   ,121,63,17,16,51, -   , -   ,3,7,3,3,23,8,10,104,1,26,67,873,5,1,4,16, -   , -   , -   , -   , -   ,12,24, -   , -   ,2,35,190,14,10,16, -   ,2,21, -   ,27,3, -   , -   ,62,51,45, -   ,100,20,0,19,4, -   ,66,3,1,0,10, -   ,18, -   , -   ,2,120,49,3.886, -   ,4, -   ,3.127,5.672,2.73,1.642,80,843, -   , -   ,0,536, -   ,261,562,226,3.079,1.874,19.126,625,6.084,114,3.626,47,168,320,3.296,143,1.535, -   ,62.759, -   , -   , -   , -   , -   , -   
96,22.098,178,9,13,560,19.289,1.291,21.337,0,1, -   , -   , -   ,6.279, -   ,2, -   , -   , -   ,176,12, -   , -   , -   ,61,137,17, -   ,3,15, -   ,0,0,0,0,4,7,15,33,0,2,62, -   , -   ,3, -   ,3, -   , -   , -   , -   , -   ,28,28, -   , -   ,0, -   ,6,22,9,24, -   , -   ,71, -   ,10,57, -   , -   ,3,6,39, -   ,1,1,0, -   ,0, -   ,18, -   , -   ,0,3, -   , -   , -   , -   ,5, -   ,2, -   , -   , -   , -   ,29,137,12.164, -   ,378,8.138, -   , -   , -   ,3.668, -   , -   , -   , -   ,4.004,247.9,2.938,1.463,21.547,360,6.373,49,2.028, -   ,2.844,1,3.401, -   ,389.366, -   , -   , -   , -   , -   , -   
97,23.645,1.488,9,27,433,19.155,3.446,729,2,28,22, -   , -   ,401,43.912,4,1.932,79.381,4.184,21.704,1.623,18.724,1,13.226,2.812,11.646,714,340,403,9.329,1,107,18,89,43,380,191,738,2.201,114,1.495,879,952,360,75,61,2.338,185,2.667,142, -   ,65,633,904,2.513, -   ,154,391,3.293,792,366,481,2.961,723,5.709,1.426,2.674,3.265,1.569,1.37,3.082,3.261,2.699,4.068,2.595,1.304,7,688,172,0,1.911,92,77,8,312,4.837,1.339,3.266,319,491,3.565,1.055,1.212, -   ,208,34.462,3.822,5.633,1.393,8.507,357,848,264, -   ,407,100,0,2.795,267,133,2.012,275,722,649,2.309,908,2.78,33,175,249,634,33,593, -   ,408.57,635.972, -   ,635.972,338.167, -   ,338.167
98,46.685,6.032,97,182,1.677,12.89,1.746,17.66,4,194,13, -   , -   ,3.267,3.906,8,3.132,126,8.943,2.865,401,26.433,2,16.963,1.996,8.198,980,4.099,627,16.288,1,119,127,535,260,2.627,195,1.235,5.798,165,3.54,704,3.275,1.055,34,104,4.377,2.917,5.743,1.107, -   ,454,1.031,1.675,707, -   ,546,705,22.423,968,541,461,3.418,2.304,5.404,33,1.497,4.553,2.402,3.884,5.801,7.421,5.209,11.423,5.331,3.181,96,1.296,251,0,2.219,248,109,10,653,23.742,2.853,16.107,576,343,9.471,3.532,6.21, -   ,424,104.05,11.265,15.794,2.726,10.826,15.821,35.248,471, -   ,7.894,280,61,2.43,702,278,8.028,1.458,7.474,780,6.492,7.456,14.145,410,369,1.292,3.224,172,1.802, -   ,639.797, -   , -   , -   , -   , -   , -   
99,1.903,81,2,2,55,664,42,106,28,3, -   , -   , -   , -   ,111, -   , -   , -   , -   ,505,54, -   , -   , -   ,84,580,77, -   ,13, -   , -   , -   ,0,0,1, -   ,33,67, -   ,0,11,366, -   , -   ,13, -   ,11, -   , -   , -   , -   , -   ,71, -   , -   , -   , -   , -   ,8,34,40,112, -   , -   ,330, -   ,46,265, -   , -   ,14, -   ,10, -   , -   , -   ,2, -   ,0, -   ,107, -   , -   , -   ,9, -   , -   , -   , -   ,22, -   , -   , -   , -   , -   , -   ,2.746,4.983,217, -   , -   ,2.061,614, -   ,1.406,1.563, -   , -   ,770,1.067,4.635, -   ,3.921,875,2.556,459, -   , -   ,1, -   ,294, -   , -   , -   ,34.052, -   , -   , -   , -   , -   , -   
100,547,23,1,0,16,191,17,443,10,1, -   , -   , -   , -   ,70, -   , -   ,14.386,7.416,335,34,4.038, -   ,7.399,53,366,48, -   ,8,4.431, -   , -   ,0,0,1, -   ,21,42, -   ,0,7,197,0, -   ,8,728,7, -   ,166,316, -   , -   ,48, -   , -   , -   , -   , -   ,6,26,25,70, -   ,2.063,206,1.724,29,166, -   , -   ,9, -   ,6, -   , -   , -   ,1, -   ,0, -   ,58, -   , -   , -   ,6,6.888, -   , -   , -   ,14, -   , -   ,279, -   ,7, -   ,1.104,2.002,3.288, -   , -   ,901,268, -   ,563,796, -   , -   ,1.438,1.729,8.324, -   ,4.732,472,8.558,36.83,6.6, -   ,1, -   ,4.727, -   ,471, -   ,135.76, -   , -   , -   , -   , -   , -   
101,3.548,148,3,3,98,1.298,64,179,1,5,0, -   , -   ,53,367,0,23,1.081,827,1.059,59,104,8,127,19,650,69,19,24,68,5,2,1,2,1,25,37,52,117,6,44,306,40,4,14,29,19,1,18,3, -   ,4,110,100,1, -   ,3,3,152,84,49,92,29,16,273,2,41,217,3,2,35,45,29,22,17,14,2,7,1,1,91,1,5,0,12,209,5,11,1,18,21,7,1.437,197,50,298,2.311,4.205,90,4,69,476,4, -   ,987,1.154,992,640,840,898,25.971,14,2.153,864,15.284,280,84,39,2,1.018,13.714,1.396,11.879, -   ,99.718,2.195, -   ,2.195,1.794, -   ,1.794
102,48.019,1.401,9,18,658,26.195,1.671,216,1,5,2, -   , -   ,756,45.293,29,3.704,171.93,131.449,74.675,3.108,16.542,1.34,20.197,2.788,29.324,1.714,2.944,2.289,9.188,755,182,72,316,122,1.654,2.027,438,3.709,933,5.711,3.459,6.417,601,551,4.679,1.247,103,2.859,348, -   ,570,2.815,2.447,211, -   ,482,406,21.134,1.697,3.08,1.53,4.653,2.486,4.787,278,1.12,3.443,544,311,3.918,4.395,3.3,3.562,2.739,1.734,17,1.035,209,136,1.349,113,777,15,457,20.348,808,1.737,203,272,3.369,1.06,3.365, -   ,579,36.027,55.893,104.757,200,599,1.865,15.46,641, -   ,3.714,691,22.627,875,1.604,399,1.26,2.185,668,840,2.463,682,3.34,21,79,1.125,1.181,146,1.789, -   , 1.000.271 ,349.219, -   ,349.219,285.391, -   ,285.391
103, -   , -   , -   , -   , -   , -   , -   , -   , -   , -   , -   , -   , -   , -   , -   ,0, -   , -   , -   , -   , -   , -   , -   , -   , -   ,0, -   , -   , -   , -   , -   , -   , -   , -   , -   , -   , -   , -   , -   , -   , -   , -   , -   , -   , -   , -   , -   , -   ,57,17, -   , -   , -   , -   , -   , -   , -   , -   , -   ,0, -   , -   , -   , -   , -   , -   ,0,0,2, -   , -   , -   , -   , -   , -   , -   , -   , -   , -   , -   , -   , -   , -   ,0, -   , -   , -   , -   , -   , -   , -   , -   ,279,38.223, -   , -   , -   , -   , -   , -   , -   , -   ,11, -   , -   ,0, -   , -   , -   , -   , -   , -   ,0,0,2, -   , -   , -   , -   , -   , -   , -   ,0, -   ,38.591, -   , -   , -   , -   , -   , -   
104, -   , -   , -   , -   , -   , -   , -   , -   , -   , -   , -   , -   , -   , -   , -   , -   , -   , -   , -   , -   , -   , -   , -   , -   , -   , -   , -   , -   , -   , -   , -   , -   , -   , -   , -   , -   , -   , -   , -   , -   , -   , -   , -   , -   , -   , -   , -   , -   , -   , -   , -   , -   , -   , -   , -   , -   , -   , -   , -   , -   , -   , -   , -   , -   , -   , -   , -   , -   , -   , -   , -   , -   , -   , -   , -   , -   , -   , -   , -   , -   , -   , -   , -   , -   , -   , -   , -   , -   , -   , -   , -   , -   , -   , -   , -   , -   , -   , -   , -   , -   , -   , -   , -   , -   , -   , -   , -   , -   , -   , -   , -   , -   , -   , -   , -   , -   , -   , -   , -   , -   , -   , -   , -   , -   , -   , -   , -   , -   , -   , -   , -   
105,1.176,44,1,1,27,498,28,46,0,1,0, -   , -   ,250,442,0,35,1.604,1.239,843,39,156,12,194,29,390,30,28,24,115,7,2,1,3,1,19,25,16,60,9,56,99,60,6,8,45,15,1,29,6, -   ,5,49,44,2, -   ,5,4,206,34,36,34,43,23,104,3,19,80,5,3,40,48,35,33,28,18,1,10,2,1,33,1,9,0,7,398,8,16,2,7,33,11,1.159,45,220,528,1.063,1.818,51,6,627,5.255,6, -   ,1.543,479,437,204,771,384,5.609,71,633,191,3.75,80,860,8,16,225,3.314,324,2.617, -   ,41.458,3.248, -   ,3.248,2.655, -   ,2.655
106,430,18,0,0,12,150,18,83,0,1,0, -   , -   ,2.142, -   ,0,0,0,1,165,11,1,0,0,0,130,16, -   ,3,2,0,0,0,0,0,5,7,14,32,0,3,59,1,0,3,0,3, -   ,0, -   , -   ,0,26,27, -   , -   ,1,0,8,21,8,23, -   ,0,67,0,10,54, -   , -   ,4,6,3, -   ,2,1,0,0,0,0,18,0,0,0,3,17,0, -   , -   ,4,1,2,12.617,1,2.964, -   ,1.304,218,309,33,8.818,75.823,0, -   ,17.461,3.35,371,253,8.311,1.793,524,44,8,17,6.995, -   ,11.616, -   ,215,2,4.946,325,689, -   ,162.625, -   , -   , -   , -   , -   , -   
107,327,14,0,0,9,114,15,18,0,1,0, -   , -   ,115,187,1,37,541,1.862,959,31,330, -   ,734,68,687,57,16,43,555, -   ,4,1,17,4,69,21,44,345,4,144,150,74,2,63,152,42, -   ,285,90, -   , -   ,110,72, -   , -   ,8,66,688,45,34,70, -   ,13,171,15,124,220, -   , -   ,183,356,346, -   ,258,91,1,71,15, -   ,137,11,267,0,36,367,96, -   , -   ,17,249,121,699,525,1.742,1.584,6.88,12.495,483,452,79,966, -   , -   ,713,509,2.992,5.935,5.564,5.739,5.268,7.257,16.701,368,3.556,362,4.816,5,70,10,7.387,287,774, -   ,106.711, -   , -   , -   , -   , -   , -   
108,1.114,48,1,1,32,389,42,62,0,2,0, -   , -   ,1.239,648,2,142,199,18,1.188,57,1.854,86,1.651,193,1.341,86,106,197,183,49,8,6,43,12,246,39,145,953,22,364,287,355,132,20,363,106, -   ,3,3, -   ,36,259,217, -   , -   ,35,139,2.024,132,59,125, -   ,97,190,38,190,278, -   ,320,385,851,568, -   ,874,199,11,252,60,9,682,17,201,1,118,3.28,317, -   , -   ,35,813,247,4.486,260,760,6.777,32.112,58.487,6.524,3.945,302,24.545,400, -   ,4.135,8.477,1.998,118.047,12.31,8.706,17.078,4.348,23.351,1.279,9.389,1.619,22.873,250,453,618,4.992,4.484,10.459, -   ,420.563, -   , -   , -   , -   , -   , -   
109,14.422,1.371,104,438,459,13.263,1,4.129,2,79,16, -   , -   ,5.008,4.769,7,466,14.629,2.934,398,48,3.057,10,1.627,259,1.691,203,257,379,4.363,40,113,19,90,57,2.628,212,479,1.474,63,1.105,631,1.889,294,76,1.618,2.841,273,5.413,1.987, -   ,218,358,136,802, -   ,2,37,1.557,305,442,296,2.846,625,3.466,846,1,959,482,557,1.259,388,332,779,305,144,45,816,187,5,1.683,66,1.335,4,945,5.529,185,1.373,1.156,147,983,173,16.911,1.1,263,26.452,18.679,30.903,831,2.163,2.411,5.546,235, -   ,81,1.456,1.093,8.71,8.928,3.311,4.739,5.059,113.629,801,1.159,922,3.856,68,183,1.675,2.428,86,700, -   ,393.84, -   , -   , -   , -   , -   , -   
110,290,16,0,0,11,90,8,350,0,1,3, -   , -   ,516,312,1,157,8.682,928,367,15,796,189,312,79,727,18,125,33,316,106,5,3,19,5,67,26,26,222,8,145,173,217,101,4,504,34, -   ,761,643, -   ,83,312,44, -   , -   ,10,47,721,39,19,28, -   ,66,31,11,52,101, -   ,230,115,225,137, -   ,228,49,3,67,10,19,132,3,115,0,22,1.256,55, -   , -   ,11,129,78,1.55,446,450,2.666,666,1.232,288,3.572,25.805,23.608,255, -   ,1.845,601,466,1.489,762,27.896,3.35,534,2.386,3,289,48,5.061,3,6,1.593,550,515,271, -   ,130.066, -   , -   , -   , -   , -   , -   
111,3.502,136,3,3,185,1.124,355,273,1,86,2, -   , -   ,9.149,2.2,12,741,5.335,4.863,10.887,683,6.88,436,15.35,1.861,12.885,1.604,359,2.148,3.926,155,42,22,224,76,1.652,378,862,5.437,74,936,3.498,1.669,1.151,228,1.627,857, -   ,821,1.07, -   ,184,2.507,3.059, -   , -   ,187,794,10.612,1.603,603,1.587, -   ,447,4.305,104,1.801,3.836, -   ,1.638,2.55,3.063,3.509,35,3.106,1.659,31,1.3,275,44,2.492,65,544,10,783,34.452,906, -   ,361,274,2.791,1.201,15.25,3.011,8.358,16.687,68.651,124.717,11.207,21.845,6.051,30.379,4.892, -   ,9.399,20.019,4.972,32.133,71.874,50.861,40.724,36.253,51.644,7.66,64.625,11.967,71.479,222,1.553,4.941,17.2,12.555,17.411, -   , 1.037.021 , -   ,2.657,2.657, -   , -   , -   
112,686,29,1,1,20,239,16,38,0,1,0, -   , -   ,2.032,89,1,85,1,869,479,19,680,63,202,136,1.474,28, -   ,47,1.173,35,8,6,32,34,764,29,4,973,26,511,216,729,22,18,227,93, -   ,197, -   , -   ,62,161,126, -   , -   ,53,56,2.107,100,31,29, -   ,41,58,20,173,184, -   , -   ,518,472,582, -   ,684,61,10,41,18,6,399,21,192,1,188,11.902,96, -   , -   ,33,1.073,179,263,472,345, -   ,86.267,156.578,10.187,23.444,254,32.707,206, -   ,793,7.017,4.775,18.272,11.59,8.223,21.025,34.971,7.002,11.782,20.362, -   ,34.819, -   ,464,1.135,5.925,2.035,12.954, -   ,545.878, -   , -   , -   , -   , -   , -   
113,3.806, -   , -   , -   ,591, -   ,34,206, -   , -   ,6, -   , -   ,182, -   , -   , -   , -   , -   ,117,81, -   , -   , -   , -   ,931,223, -   ,21, -   , -   ,3,0,0,1,30,49,96,245,1,16,681, -   , -   ,20, -   ,22, -   , -   , -   , -   , -   ,185,197, -   , -   ,3, -   ,38,146,57,159, -   , -   ,472, -   ,65,389, -   , -   ,20,37,17, -   ,10,9,3, -   ,0, -   ,172, -   , -   ,0,19, -   , -   , -   , -   ,32, -   ,14,244, -   ,141, -   ,532,891, -   , -   ,106,272,399, -   ,311,151,746,2.051,2.238,1.182,1.495, -   , -   , -   , -   , -   ,416, -   , -   , -   ,618, -   ,1.232, -   ,22.433, -   , -   , -   , -   , -   , -   
114,251,4,0,0,9,32,11,13,0,0, -   , -   , -   ,47, -   , -   , -   , -   , -   ,343,24, -   , -   , -   , -   ,274,66, -   ,6, -   , -   ,1,0,0,0,9,14,28,72,0,5,203, -   , -   ,6, -   ,7, -   , -   , -   , -   , -   ,55,58, -   , -   ,1, -   ,11,43,17,47, -   , -   ,139, -   ,19,114, -   , -   ,6,11,5, -   ,3,3,1, -   ,0, -   ,51, -   , -   ,0,6, -   , -   , -   , -   ,9, -   ,4,132, -   ,1.133, -   ,155,277,278, -   ,1,5,1, -   ,39,253,2.653,10, -   ,585,3.78,315,385,12,6.852,5.452,1.747, -   , -   , -   ,419,0,1.305, -   ,27.819, -   , -   , -   , -   , -   , -   
115,205,4,0,0,7,33,9,33,1,0, -   , -   , -   ,33,4, -   , -   ,774,399,258,18,217, -   ,398,3,211,48, -   ,5,238, -   ,1,0,0,0,6,11,22,50,0,4,153,0, -   ,5,39,5, -   ,9,17, -   , -   ,41,40, -   , -   ,1, -   ,8,31,13,36, -   ,111,108,93,15,89, -   , -   ,5,8,4, -   ,2,2,1, -   ,0, -   ,39, -   , -   ,0,4,370, -   , -   , -   ,7, -   ,3,107, -   ,792, -   ,168,302,371, -   ,1,52,15, -   ,58,220,1.855,7,77,502,3.09,220,523,34,5.251,5.793,1.576, -   ,0, -   ,547,0,938, -   ,26.751, -   , -   , -   , -   , -   , -   
116,710,2,0,0,55,17,1,35,0,0,1, -   , -   ,10, -   ,0, -   ,10, -   ,22,2, -   , -   ,20, -   ,18,4, -   ,0,23, -   ,0,0,0,0,1,1,2,5,0,0,12, -   , -   ,0, -   ,0, -   ,22, -   , -   , -   ,4,4, -   , -   ,0, -   ,1,3,1,3, -   , -   ,9, -   ,1,7, -   , -   ,0,1,0, -   ,0,0,0, -   ,0, -   ,3, -   , -   ,0,0,59, -   , -   , -   ,1, -   ,0,69, -   ,8, -   ,27,47,151, -   ,12,13,0, -   ,3,24, -   ,0, -   ,6,34, -   ,582,7,2.777,2.555,2.667,305,241, -   ,30,0,417, -   ,11.046, -   , -   , -   , -   , -   , -   
117,1.463,4,0,0,114,35,3,72,0,0,2, -   , -   ,20, -   ,0, -   ,21, -   ,46,3, -   , -   ,41, -   ,37,9, -   ,1,47, -   ,0,0,0,0,1,2,4,10,0,1,24, -   , -   ,1, -   ,1, -   ,46, -   , -   , -   ,7,8, -   , -   ,0, -   ,2,6,2,6, -   , -   ,19, -   ,3,15, -   , -   ,1,1,1, -   ,0,0,0, -   ,0, -   ,6, -   , -   ,0,1,121, -   , -   , -   ,1, -   ,1,142, -   ,17, -   ,55,98,310, -   ,24,27,0, -   ,6,50, -   ,0, -   ,13,71, -   ,1.201,15,5.724,5.267,5.498,628,497, -   ,61,1,859, -   ,22.769, -   , -   , -   , -   , -   , -   
118, -   , -   , -   , -   , -   ,454,37, -   , -   , -   ,20, -   , -   , -   , -   , -   , -   , -   , -   , -   , -   , -   , -   , -   , -   , -   , -   , -   , -   , -   , -   , -   , -   , -   , -   , -   , -   , -   , -   , -   , -   , -   , -   , -   , -   , -   , -   , -   , -   , -   , -   , -   , -   , -   , -   , -   , -   , -   , -   , -   , -   , -   , -   , -   , -   , -   , -   , -   , -   , -   , -   , -   , -   , -   , -   , -   , -   , -   , -   , -   , -   , -   , -   , -   , -   , -   , -   , -   , -   , -   , -   , -   , -   , -   , -   , -   , -   , -   , -   , -   , -   , -   , -   , -   , -   , -   , -   , -   , -   , -   , -   , -   , -   , -   , -   , -   , -   ,488, -   , -   , -   , -   , -   , -   ,999, -   , -   , -   , -   , -   , -   
119,16,1,0,0,0,6,0,1,0,0, -   , -   , -   , -   , -   , -   , -   , -   , -   , -   , -   , -   , -   , -   , -   , -   , -   , -   , -   , -   , -   , -   , -   , -   , -   , -   , -   , -   , -   , -   , -   , -   , -   , -   , -   , -   , -   , -   , -   , -   , -   , -   , -   , -   , -   , -   , -   , -   , -   , -   , -   , -   , -   , -   , -   , -   , -   , -   , -   , -   , -   , -   , -   , -   , -   , -   , -   , -   , -   , -   , -   , -   , -   , -   , -   , -   , -   , -   , -   , -   , -   , -   , -   , -   , -   , -   , -   , -   , -   , -   , -   , -   , -   , -   , -   , -   , -   , -   , -   , -   , -   , -   , -   , -   , -   , -   , -   , -   , -   , -   , -   , -   , -   , -   ,25, -   , -   , -   , -   , -   , -   
120,6,0,0,0,0,2,0,0,0,0, -   , -   , -   , -   , -   , -   , -   , -   , -   , -   , -   , -   , -   , -   , -   , -   , -   , -   , -   , -   , -   , -   , -   , -   , -   , -   , -   , -   , -   , -   , -   , -   , -   , -   , -   , -   , -   , -   , -   , -   , -   , -   , -   , -   , -   , -   , -   , -   , -   , -   , -   , -   , -   , -   , -   , -   , -   , -   , -   , -   , -   , -   , -   , -   , -   , -   , -   , -   , -   , -   , -   , -   , -   , -   , -   , -   , -   , -   , -   , -   , -   , -   ,39, -   , -   ,2.165, -   , -   , -   , -   , -   , -   , -   , -   , -   , -   , -   , -   , -   , -   , -   , -   ,138,168, -   ,7, -   , -   , -   ,71.041, -   , -   , -   , -   ,73.566, -   , -   , -   , -   , -   , -   
121,401,17,0,0,12,140,8,22,0,1, -   , -   , -   , -   , -   , -   , -   , -   , -   ,38, -   , -   , -   , -   , -   , -   ,4, -   ,1, -   , -   ,0, -   , -   , -   , -   , -   , -   ,7, -   , -   ,15, -   , -   , -   , -   , -   , -   , -   , -   , -   , -   ,6,6, -   , -   ,0, -   , -   ,5, -   , -   , -   , -   ,15, -   , -   , -   , -   , -   , -   ,1, -   , -   , -   ,0,0, -   , -   , -   , -   , -   , -   ,0, -   , -   , -   , -   , -   , -   , -   , -   , -   , -   , -   , -   , -   , -   , -   , -   , -   , -   , -   , -   , -   ,112, -   , -   , -   , -   ,13.01,1.118, -   , -   , -   , -   ,17.859,404, -   , -   , -   ,21, -   , -   ,33.222, -   , -   , -   , -   , -   , -   
122,377,4,0,0,14,35,31,20,0,0, -   , -   , -   ,0,167,0,89,2,84,549,56,1.031,45,3.768,75,1.839,221, -   ,426,450,25,1,1,16,4,99,13,26,558,1,42,179,19,271,19,137,48, -   ,16, -   , -   ,19,332,556, -   , -   ,35,30,465,38,22,76, -   ,19,99,1,16,97, -   ,5,144,137,115, -   ,103,170,1,46,23,5,110,4,45,1,39,4.254,54, -   , -   ,14,193,103,192,35,177, -   ,4.943,8.942,346,1.989,238,578,41, -   ,317,114,775,2.235,4.041,3.637,4.431,370,1.263,98,2.591,50,1.442,26,58, -   ,2.151,4.504,617, -   ,64.328, -   , -   , -   , -   , -   , -   
123,14.514,649,22,15,313,7.479,163,12.543,3,118,17, -   , -   ,32.416,313,19, -   ,35.39,5.219,2.228,155, -   , -   ,7.183,320,1.94,282,38,35,3.314, -   ,6,1,6,3,66,92,179,436,1,50,832, -   , -   ,38, -   ,47, -   ,141,2.965, -   , -   ,368,377, -   , -   ,13,28,263,318,120,297, -   , -   ,922, -   ,143,790, -   , -   ,137,172,121,5.027,41,69,6,37,15, -   ,291,6, -   ,0,49,9.223,4, -   , -   ,59,30,30,14.648,1.71,4.242, -   ,11.181,20.34,494,9.892,40.75,57.387,2.856, -   ,1.827,4.144,3.028,7.14,2.55,2.495,43.63,4.723,16.258,351,11.054,4.262,10.048,4,646,15.213,13.98,8.7,9.261, -   ,471.322, -   , -   , -   , -   , -   , -   
124, -   , -   , -   , -   , -   , -   , -   , -   , -   , -   , -   , -   , -   , -   , -   , -   , -   , -   , -   , -   , -   , -   , -   , -   , -   , -   , -   , -   , -   , -   , -   , -   , -   , -   , -   , -   , -   , -   , -   , -   , -   , -   , -   , -   , -   , -   , -   , -   , -   , -   , -   , -   , -   , -   , -   , -   , -   , -   , -   , -   , -   , -   , -   , -   , -   , -   , -   , -   , -   , -   , -   , -   , -   , -   , -   , -   , -   , -   , -   , -   , -   , -   , -   , -   , -   , -   , -   , -   , -   , -   , -   , -   , -   , -   , -   , -   , -   , -   , -   , -   , -   , -   , -   , -   , -   , -   , -   , -   , -   , -   , -   , -   , -   , -   , -   , -   , -   , -   , -   , -   , -   , -   , -   , -   , -   , -   , -   , -   , -   , -   , -   
,,,,,,,,,,,,,,,,,,,,,,,,,,,,,,,,,,,,,,,,,,,,,,,,,,,,,,,,,,,,,,,,,,,,,,,,,,,,,,,,,,,,,,,,,,,,,,,,,,,,,,,,,,,,,,,,,,,,,,,,,,,,,,,,,,,
, 1.218.037     ,46.976,438,1.888,22.654,720.609,53.738,85.296,78,3.849,303, -       , -       ,89.306, 1.016.811     ,170,35.299, 1.874.124     , 1.080.962     ,467.892,34.497,316.961,2.294,283.075,42.451,248.522,11.377,12.843,15.71,206.862,1.231,5.233,756,3.195,2.324,22.5,20.358,17.955,71.288,2.964,34.637,24.992,31.514,11.785,1.96,39.968,43.633,11.297,69.039,15.848, -       ,2.65,14.695,18.79,38.472, -       ,3.92,6.38,124.44,17.4,26.506,11.684,120.931,29.237,79.552,12.109,25.622,55.397,22.202,21.887,62.39,78.295,68.934,108.376,71.273,38.551,1.919,16.571,3.717,237,48.923,2.191,9.718,158,9.341,456.772,36.31,78.459,33.579,6.168,75.223,26.212,349.957,46.455,30.428,909.901,397.612,688.596,87.689,413.063,133.269,409.423,15.323, -       ,65.048,61.519,51.743,238.201,148.746,128.812,282.64,363.569,312.13,57.472,288.862,114.651,311.107,4.036,11.04,109.256,114.87,39.891,115.65, -       , 16.491.650     , 9.236.790     ,41.332, 9.278.121     , 7.888.370     , -       , 7.888.370     
,,,,,,,,,,,,,,,,,,,,,,,,,,,,,,,,,,,,,,,,,,,,,,,,,,,,,,,,,,,,,,,,,,,,,,,,,,,,,,,,,,,,,,,,,,,,,,,,,,,,,,,,,,,,,,,,,,,,,,,,,,,,,,,,,,,
,,,,,,,,,,,,,,,,,,,,,,,,,,,,,,,,,,,,,,,,,,,,,,,,,,,,,,,,,,,,,,,,,,,,,,,,,,,,,,,,,,,,,,,,,,,,,,,,,,,,,,,,,,,,,,,,,,,,,,,,,,,,,,283.174,704.113,987.287,29.685,132.042,161.728
,,,,,,,,,,,,,,,,,,,,,,,,,,,,,,,,,,,,,,,,,,,,,,,,,,,,,,,,,,,,,,,,,,,,,,,,,,,,,,,,,,,,,,,,,,,,,,,,,,,,,,,,,,,,,,,,,,,,,,,,,,,,,,,,,,,
,,,,,,,,,,,,,,,,,,,,,,,,,,,,,,,,,,,,,,,,,,,,,,,,,,,,,,,,,,,,,,,,,,,,,,,,,,,,,,,,,,,,,,,,,,,,,,,,,,,,,,,,,,,,,,,,,,,,,,,,,,,,,,,,,,,
,,,,,,,,,,,,,,,,,,,,,,,,,,,,,,,,,,,,,,,,,,,,,,,,,,,,,,,,,,,,,,,,,,,,,,,,,,,,,,,,,,,,,,,,,,,,,,,,,,,,,,,,,,,,,,,,,,,,,,,,,,,,,,,,,29.685,132.042,161.728
,,,,,,,,,,,,,,,,,,,,,,,,,,,,,,,,,,,,,,,,,,,,,,,,,,,,,,,,,,,,,,,,,,,,,,,,,,,,,,,,,,,,,,,,,,,,,,,,,,,,,,,,,,,,,,,,,,,,,,,,,,,,,,283.174,704.113,987.287,,,
,,,,,,,,,,,,,,,,,,,,,,,,,,,,,,,,,,,,,,,,,,,,,,,,,,,,,,,,,,,,,,,,,,,,,,,,,,,,,,,,,,,,,,,,,,,,,,,,,,,,,,,,,,,,,,,,,,,,,,,,,,,,,,,,,,,
Importaciones,762.163,55.69,1.014,1.976,20.217,126.428,9.956,140.647,35,1.714,45, -       , -       ,32.515,30.362,48,15.345,966.158,86.741,90.371,8.184,173.822,93,156.082,13.096,135.215,4.03,10.929,8.815,126.682,46,1.702,1.801,10.077,4.162,40.696,3.046,15.661,90.901,1.698,33.49,33.167,80.387,16.637,319,3.533,65.326,23.217,132.12,78.949, -       ,6.593,6.101,15.791,15.18, -       ,11.003,12.233,391.414,5.981,6.265,3.505,24.958,4.206,70.308,28.14,26.973,43.273,25.216,21.159,61.902,47.648,52.053,116.743,61.639,26.535,1.531,9.952,3.068,9,16.193,1.329,1.468,113,5.188,469.966,37.175,376.34,10.361,2.122,60.788,21.593,83.775,60.654,5.853,330.115,110.721,149.541,19.141,60.109,156.981,356.866,4.236, -       ,68.809,3.746,1.105,43.934,9.984,52.442,53.127,25.046,40.181,6.423,38.887,27.767,260.653,1.992,3.52,8.718,20.906,3.068,27.156, -       , 7.752.775     , -       , -       , -       , -       , -       , -       
,113.349, -       , -       , -       ,269,1.992,417, -       ,0,0, -       , -       , -       ,480,3.846,0,169,1.313,21.824,2.082,270,7.359, -       ,68.908,1.416,6.447,3,0,5.104,10.425, -       ,39, -       ,6.113,2.338,8.016,1.374, -       ,19.19,0,5.761,63,72.349,1.997, -       , -       ,41.903,1.406,72.65,74.332, -       , -       ,11,6.363,0, -       ,2.627,2.738,89.482,48,647,70,1.392,318,13.318, -       ,7.694,4.325,76,1.984,15.052,6.006,16.497,60.826,30.447,10.156,1.509, -       ,555, -       ,111,47,1, -       ,877,306.448,11.492,311.555,4.123,50,1.666,464,7.192,3,670,24.865,4.457,771,2.387,3.275, -       ,260,277, -       , -       ,4, -       , -       ,396, -       ,4.727,393,3, -       ,3.45,2.234,48.547, -       , -       , -       , -       , -       ,1.182, -       , 1.567.271     , -       , -       , -       , -       , -       , -       
,648.815,55.69,1.014,1.976,19.948,124.436,9.539,140.647,35,1.714,45, -       , -       ,32.035,26.517,48,15.176,964.845,64.917,88.289,7.915,166.463,93,87.174,11.68,128.768,4.027,10.929,3.711,116.257,46,1.663,1.801,3.964,1.824,32.68,1.672,15.661,71.71,1.698,27.73,33.104,8.038,14.64,319,3.533,23.424,21.811,59.47,4.616, -       ,6.593,6.09,9.428,15.18, -       ,8.376,9.495,301.931,5.933,5.618,3.436,23.566,3.889,56.99,28.14,19.279,38.948,25.14,19.175,46.849,41.642,35.556,55.917,31.193,16.378,22,9.952,2.513,9,16.081,1.282,1.467,113,4.312,163.518,25.683,64.785,6.238,2.072,59.122,21.128,76.583,60.651,5.184,305.25,106.264,148.77,16.754,56.834,156.981,356.607,3.959, -       ,68.809,3.741,1.105,43.934,9.588,52.442,48.4,24.653,40.178,6.423,35.437,25.533,212.106,1.992,3.52,8.718,20.906,3.068,25.974, -       , 6.185.504     , -       , -       , -       , -       , -       , -       
,,,,,,,,,,,,,,,,,,,,,,,,,,,,,,,,,,,,,,,,,,,,,,,,,,,,,,,,,,,,,,,,,,,,,,,,,,,,,,,,,,,,,,,,,,,,,,,,,,,,,,,,,,,,,,,,,,,,,,,,,,,,,,,,,,,
Usos totales a precios b�sicos, 1.980.200     ,102.667,1.452,3.864,42.87,847.037,63.694,225.943,113,5.562,349, -       , -       ,121.821, 1.047.173     ,218,50.644, 2.840.282     , 1.167.703     ,558.263,42.681,490.783,2.387,439.157,55.548,383.736,15.407,23.772,24.524,333.544,1.277,6.935,2.557,13.271,6.486,63.196,23.404,33.616,162.188,4.662,68.127,58.158,111.901,28.421,2.279,43.501,108.959,34.514,201.159,94.797, -       ,9.243,20.796,34.581,53.652, -       ,14.923,18.613,515.854,23.381,32.771,15.19,145.889,33.444,149.86,40.249,52.595,98.669,47.418,43.046,124.292,125.943,120.986,225.119,132.912,65.086,3.45,26.523,6.785,247,65.116,3.52,11.186,271,14.529,926.738,73.485,454.799,43.94,8.29,136.011,47.804,433.733,107.109,36.281, 1.240.016     ,508.333,838.137,106.831,473.172,290.25,766.289,19.559, -       ,133.857,65.265,52.848,282.135,158.73,181.254,335.767,388.615,352.311,63.895,327.748,142.418,571.76,6.028,14.56,117.974,135.776,42.959,142.806, -       , 24.244.425     , 9.519.964     ,745.444, 10.265.409 , 7.918.055     ,132.042, 8.050.097     
,,,,,,,,,,,,,,,,,,,,,,,,,,,,,,,,,,,,,,,,,,,,,,,,,,,,,,,,,,,,,,,,,,,,,,,,,,,,,,,,,,,,,,,,,,,,,,,,,,,,,,,,,,,,,,,,,,,,,,,,,,,,,,,,,,,
,5.356,384,4,66,122,5.931,444,738,2,11,3, -   , -   ,2.128,6.928,3,416,17.98,13.737,3.919,281,9.563,39,22.812,536,3.352,3.294,226,382,2.21,22,46,11,74,39,348,171,214,1.212,35,519,678,1.448,227,14,323,1.89,413,1.514,393, -   ,48,241,423,340, -   ,74,137,3.121,182,275,164,692,328,824,263,389,526,157,242,671,769,736,1.733,932,455,26,195,36,4,578,21,65,1,90,6.158,416,1.664,1.845,49,855,306,2.056,1.079,704,9.559,6.721,9.217,1.516,8.834,13.785,6.908,220, -   ,6.394,2.015,207,17.517,11.148,9.063,3.909,64.595,42.175,8.371,41.364,16.464,37.244,123,1.832,1.104,14.18,5.528,6.936, -   ,487.254,401.019, -   ,401.019,615.925, -   ,615.925
,4.37,285,2,62,89,5.646,426,332,2,6,3, -   , -   ,2.049,6.878,3,398,17.977,13.616,3.898,277,9.24,39,22.425,525,3.137,3.28,117,362,2.042,22,44,8,47,26,267,167,197,1.125,33,476,671,1.231,199,14,323,1.743,354,1.403,321, -   ,42,225,389,340, -   ,66,126,2.531,173,270,161,687,320,775,263,374,497,140,235,630,741,682,1.528,846,408,17,182,32,4,560,19,62,1,81,5.007,382,958,1.844,47,801,264,1.939,1.079,700,8.809,6.509,8.961,1.448,8.542,13.364,5.952,217, -   ,6.201,2.013,206,17.511,11.136,9.06,3.768,64.579,41.988,8.352,41.229,16.227,36.656,112,1.828,1.08,14.125,5.525,6.902, -   ,474.884,401.019, -   ,401.019,615.925, -   ,615.925
,59, -   , -   , -   , -   ,1,1, -   ,0,0, -   , -   , -   ,1,1,0,1,2,46,2,0,5, -   ,141,4,17,0,0,13,14, -   ,0, -   ,21,10,26,3, -   ,22, -   ,10,0,216,6, -   , -   ,142,1,66,70, -   , -   ,0,20,0, -   ,1,5,117,0,1,0,5,1,18, -   ,3,2,0,3,14,9,31,133,67,36,8, -   ,1, -   ,0,0,0, -   ,4,871,21,661,1,0,7,1,0, -   ,1,38,47,3,21,28, -   ,0,0, -   , -   ,0, -   , -   ,4, -   ,25,0, -   , -   ,3,39,431, -   , -   , -   , -   , -   ,3, -   ,3.589, -   , -   , -   , -   , -   , -   
,927,98,2,3,33,284,18,407,0,5,0, -   , -   ,78,50,0,16,0,76,19,4,317, -   ,246,7,198,15,109,8,154, -   ,2,3,5,3,55,1,17,65,2,33,7,1,21,0,0,5,58,45,2, -   ,6,15,13, -   , -   ,7,6,473,8,4,3,0,7,31,0,11,27,17,4,28,18,23,72,19,11,0,14,3, -   ,17,2,2,0,5,279,12,45,0,2,47,42,116, -   ,3,713,165,253,47,264,421,956,4, -   ,193,2,2,6,8,2,115,16,187,19,132,199,156,11,4,25,55,3,30, -   ,8.781, -   , -   , -   , -   , -   , -   
,,,,,,,,,,,,,,,,,,,,,,,,,,,,,,,,,,,,,,,,,,,,,,,,,,,,,,,,,,,,,,,,,,,,,,,,,,,,,,,,,,,,,,,,,,,,,,,,,,,,,,,,,,,,,,,,,,,,,,,,,,,,,,,,,,,
Usos totales a precios de comprador, 1.985.555     ,103.05,1.456,3.93,42.992,852.967,64.139,226.681,115,5.573,351, -       , -       ,123.949, 1.054.101     ,221,51.06, 2.858.261     , 1.181.440     ,562.182,42.962,500.345,2.426,461.969,56.084,387.088,18.701,23.998,24.907,335.755,1.299,6.981,2.568,13.345,6.526,63.543,23.576,33.83,163.4,4.697,68.646,58.836,113.349,28.648,2.294,43.825,110.849,34.927,202.673,95.19, -       ,9.291,21.036,35.004,53.992, -       ,14.997,18.751,518.976,23.562,33.046,15.353,146.582,33.772,150.684,40.512,52.984,99.195,47.575,43.289,124.963,126.713,121.722,226.852,133.844,65.541,3.475,26.718,6.821,251,65.693,3.541,11.25,272,14.619,932.896,73.901,456.462,45.785,8.339,136.866,48.111,435.788,108.188,36.985, 1.249.575     ,515.054,847.354,108.347,482.006,304.035,773.197,19.78, -       ,140.251,67.279,53.055,299.652,169.879,190.317,339.675,453.211,394.485,72.266,369.113,158.882,609.004,6.151,16.392,119.078,149.956,48.487,149.741, -       , 24.731.678     , 9.920.984     ,745.444, 10.666.428 , 8.533.980     ,132.042, 8.666.022     
,,,,,,,,,,,,,,,,,,,,,,,,,,,,,,,,,,,,,,,,,,,,,,,,,,,,,,,,,,,,,,,,,,,,,,,,,,,,,,,,,,,,,,,,,,,,,,,,,,,,,,,,,,,,,,,,,,,,,,,,,,,,,,,,,,,
Valor agregado bruto a precios b�sicos, 4.441.896     ,163.838,5.283,2.626,159.003, 1.434.285     ,57.354,371.508,1.5,5.575,916, -       , -       ,133.938,152.572,1.53,31.279,825.346,258.986,154.781,16.325,263.047,1.171,115.101,32.867,194.428,9.313,12.686,27.316,236.444,1.985,2.587,1.698,8.282,3.638,48.634,6.092,37.832,124.487,4.19,86.769,27.395,109.201,10.876,2.087,46.933,51.098,14.11,192.745,71.135, -       ,9.046,17.631,19.517,15.314, -       ,10.763,14.716,160.696,21.689,23.555,22.222,218.401,22.979,134.746,27.709,29.562,52.557,29.12,45.404,78.038,138.09,98.396,283.728,115.525,43.645,13.424,36.054,7.523,164,63.318,3.137,21.899,396,18.955,156.262,51.452,465.76,67.106,5.891,93.051,31.164,347.014,76.902,123.49, 1.561.808     , 1.100.635     , 1.726.464     ,201.715,365.205,401.327,937.238,18.867, -       ,41.085,164.307,73.947,750.888,292.809,232.529,799.672, 2.646.083     , 1.197.382     ,852.123,322.757,356.579,453.49,10.869,35.219,51.939,130.988,82.092,816.355,362.727, 29.165.801     ,,,,,,
,,,,,,,,,,,,,,,,,,,,,,,,,,,,,,,,,,,,,,,,,,,,,,,,,,,,,,,,,,,,,,,,,,,,,,,,,,,,,,,,,,,,,,,,,,,,,,,,,,,,,,,,,,,,,,,,,,,,,,,,,,,,,,,,,,,
,,,,,,,,,,,,,,,,,,,,,,,,,,,,,,,,,,,,,,,,,,,,,,,,,,,,,,,,,,,,,,,,,,,,,,,,,,,,,,,,,,,,,,,,,,,,,,,,,,,,,,,,,,,,,,,,,,,,,,,,,,,,,,,,,,,
Valor bruto de la producci�n a precios b�sicos, 6.427.452     ,266.888,6.739,6.556,201.995, 2.287.253     ,121.493,598.189,1.615,11.149,1.268, -       , -       ,257.886, 1.206.673     ,1.75,82.34, 3.683.607     , 1.440.426     ,716.963,59.287,763.392,3.596,577.07,88.951,581.517,28.014,36.684,52.223,572.198,3.284,9.568,4.266,21.627,10.164,112.177,29.667,71.662,287.887,8.887,155.415,86.231,222.55,39.524,4.381,90.758,161.947,49.036,395.418,166.324, -       ,18.337,38.667,54.521,69.307, -       ,25.761,33.466,679.672,45.251,56.602,37.575,364.983,56.751,285.43,68.221,82.547,151.752,76.695,88.693,203.001,264.802,220.118,510.58,249.368,109.185,16.9,62.772,14.344,414,129.011,6.678,33.15,669,33.574, 1.089.158     ,125.353,922.222,112.891,14.23,229.917,79.275,782.803,185.09,160.475, 2.811.383     , 1.615.689     , 2.573.818     ,310.062,847.211,705.362, 1.710.435     ,38.647, -       ,181.336,231.587,127.002, 1.050.540     ,462.687,422.846, 1.139.347     , 3.099.293     , 1.591.867     ,924.388,691.869,515.46, 1.062.495     ,17.021,51.612,171.017,280.945,130.579,966.096,362.727, 53.897.479     ,,,,,,
